scenario,split_type,analysis_drug_name,model_label,faers_signal_class,mean_prob_positive,sd_prob_positive,median_prob_positive,n_predictions,mean_pred_0_5,mean_pred_train_youden,potential_false_positive,potential_false_negative
main_all_labels,random,DEXAMETHASONE,1,positive_high,0.7473907054134524,0.0459814855754485,0.7518495822130749,20,1.0,1.0,False,False
main_all_labels,random,DEXAMETHASONE ACETATE,1,positive_moderate,0.7463481617185881,0.05812447004744191,0.7653023585409925,20,1.0,1.0,False,False
main_all_labels,random,METHYLPREDNISOLONE,1,positive_moderate,0.7414009141721608,0.03811097120879519,0.7338834422811136,20,1.0,1.0,False,False
main_all_labels,random,IOPAMIDOL,1,positive_moderate,0.7396101599666465,0.0376022722306541,0.7377710475336736,20,1.0,1.0,False,False
main_all_labels,random,BUDESONIDE,1,positive_moderate,0.7381078496901476,0.045170026146285756,0.7391035233441092,20,1.0,1.0,False,False
main_all_labels,random,AZACITIDINE,0,negative_expanded,0.7285326903170946,0.0346176304094731,0.7307820614636209,20,1.0,1.0,True,False
main_all_labels,random,IOPROMIDE,1,positive_high,0.7269347455835067,0.030305679864303863,0.7291702263171405,20,1.0,1.0,False,False
main_all_labels,random,SUCCINYLCHOLINE,1,positive_moderate,0.7214484087239692,0.027900787542856725,0.7145886667765664,20,1.0,1.0,False,False
main_all_labels,random,CYCLOPHOSPHAMIDE,1,positive_moderate,0.6978775792084074,0.03140277778207123,0.7031158333642471,20,1.0,1.0,False,False
main_all_labels,random,TRANEXAMIC ACID,1,positive_moderate,0.6926389475083751,0.0330655422410845,0.6984375220380552,20,1.0,1.0,False,False
main_all_labels,random,TREOSULFAN,1,positive_moderate,0.6853770426071684,0.032771432763577774,0.6876325493284974,20,1.0,1.0,False,False
main_all_labels,random,PSEUDOEPHEDRINE,0,negative_expanded,0.6742079127602153,0.047554745734821185,0.6770396039902207,20,1.0,0.95,True,False
main_all_labels,random,TROFINETIDE,0,negative_expanded,0.6726193019705795,0.03690248713428095,0.6711583205017346,20,1.0,1.0,True,False
main_all_labels,random,TECFIDERA,1,positive_moderate,0.6724581617318018,0.03915864489206738,0.6686316106102118,20,1.0,1.0,False,False
main_all_labels,random,CHLORHEXIDINE GLUCONATE,1,positive_moderate,0.668317303095931,0.03405421010154199,0.66483762092893,20,1.0,1.0,False,False
main_all_labels,random,MESALAMINE,0,negative_expanded,0.6653471687872762,0.03728683725753541,0.6604888312938625,20,1.0,1.0,True,False
main_all_labels,random,CEFAZOLIN,1,positive_moderate,0.6648174772808034,0.03529248044698941,0.6671602161046801,20,1.0,1.0,False,False
main_all_labels,random,SPIRONOLACTONE,0,negative_expanded,0.6634895467600355,0.03146373614872328,0.6693342345510569,20,1.0,1.0,True,False
main_all_labels,random,IFOSFAMIDE,1,positive_moderate,0.6600613558040515,0.033120051578904894,0.6617110865425271,20,1.0,1.0,False,False
main_all_labels,random,GABAPENTIN,1,positive_moderate,0.6566661257693995,0.05471041424356944,0.646096659955766,20,1.0,0.95,False,False
main_all_labels,random,ISOTRETINOIN,0,negative_expanded,0.6541311613330272,0.03446423049884629,0.6622956864396723,20,1.0,1.0,True,False
main_all_labels,random,CEFUROXIME,1,positive_high,0.6513161118297954,0.04626329298371084,0.657362634966314,20,1.0,0.95,False,False
main_all_labels,random,AZITHROMYCIN,1,positive_moderate,0.6483221642312971,0.038843992321137215,0.635641083380879,20,1.0,1.0,False,False
main_all_labels,random,ZOLEDRONIC ACID,1,positive_moderate,0.6467120918760209,0.03144556188403703,0.6411574848953703,20,1.0,1.0,False,False
main_all_labels,random,LEVONORGESTREL,0,negative_expanded,0.640211044347862,0.03209079910962775,0.6378561063091559,20,1.0,1.0,True,False
main_all_labels,random,ISOSORBIDE DINITRATE,1,positive_moderate,0.6401578283096792,0.033686640950109974,0.6425107065021023,20,1.0,1.0,False,False
main_all_labels,random,CEFTRIAXONE,1,positive_high,0.6358918088841028,0.05868613690537204,0.6533018326894808,20,1.0,0.95,False,False
main_all_labels,random,HYDROCORTISONE,1,positive_moderate,0.6341249734667416,0.06269215875546194,0.6372205876218516,20,1.0,0.85,False,False
main_all_labels,random,ROCURONIUM,1,positive_high,0.6314879815226526,0.047864389107747644,0.6311467110940758,20,1.0,0.95,False,False
main_all_labels,random,AMOXICILLIN,1,positive_high,0.6301149273242954,0.032909301802662036,0.6301241616714248,20,1.0,1.0,False,False
main_all_labels,random,ACETAMINOPHEN,1,positive_high,0.6278867702430952,0.026429307587289876,0.6292190279688081,20,1.0,1.0,False,False
main_all_labels,random,LIDOCAINE,1,positive_high,0.6219288340209196,0.035837319794017504,0.6309007952008434,20,1.0,1.0,False,False
main_all_labels,random,ALBUTEROL,1,positive_moderate,0.615911861371526,0.03618416715582467,0.6150079310208663,20,1.0,0.95,False,False
main_all_labels,random,FAMOTIDINE,1,positive_moderate,0.6116194297985806,0.034160558374007485,0.6044868647864095,20,1.0,0.85,False,False
main_all_labels,random,TREPROSTINIL,0,negative_moderate,0.6097758958994068,0.022242575254229097,0.614313375421297,20,1.0,0.9,True,False
main_all_labels,random,VINCRISTINE,1,positive_moderate,0.6088151995029542,0.07317901759343354,0.6339952318355567,20,0.85,0.8,False,False
main_all_labels,random,SEVOFLURANE,1,positive_moderate,0.6074985452161299,0.0366406634456526,0.6027244858650651,20,1.0,0.9,False,False
main_all_labels,random,VENLAFAXINE,0,negative_expanded,0.6025440564847397,0.019555300866733277,0.604801026684077,20,1.0,0.95,True,False
main_all_labels,random,MELPHALAN,1,positive_moderate,0.5945134556813556,0.02725091673838261,0.5907758539825114,20,1.0,0.9,False,False
main_all_labels,random,VINBLASTINE,1,positive_moderate,0.5941154851351007,0.07009244259557565,0.6157984143782087,20,0.8,0.75,False,False
main_all_labels,random,DOXORUBICIN,1,positive_moderate,0.5813515259601776,0.03292831491503754,0.5859811385799012,20,1.0,0.8,False,False
main_all_labels,random,AMBRISENTAN,0,negative_expanded,0.5795940699084791,0.04529661398566464,0.577658822965236,20,1.0,0.65,False,False
main_all_labels,random,MORPHINE,1,positive_moderate,0.576682665763101,0.04910667428082985,0.5818751966537212,20,0.95,0.65,False,False
main_all_labels,random,LACOSAMIDE,0,negative_expanded,0.5759427880257578,0.028203333642398142,0.5822577265885793,20,1.0,0.8,False,False
main_all_labels,random,COCAINE,0,negative_expanded,0.5690722562405904,0.03593686276008439,0.5668759229412703,20,1.0,0.6,False,False
main_all_labels,random,DICLOFENAC,1,positive_high,0.5688139466140195,0.04960692296242908,0.5767651906946728,20,0.95,0.7,False,False
main_all_labels,random,BENDAMUSTINE,1,positive_moderate,0.5658607324640845,0.029105236304496178,0.5661482194397742,20,1.0,0.7,False,False
main_all_labels,random,AZATHIOPRINE,0,negative_moderate,0.5628605218865297,0.030786164138760255,0.5611694955706543,20,1.0,0.6,False,False
main_all_labels,random,HYDROMORPHONE,1,positive_moderate,0.5603783989860679,0.05393207904130774,0.5713368404659434,20,0.8,0.65,False,False
main_all_labels,random,LEVOLEUCOVORIN,1,positive_moderate,0.5601283472016777,0.02780882178622746,0.5589038369845949,20,1.0,0.6,False,False
main_all_labels,random,PACLITAXEL,1,positive_high,0.5568464248092919,0.033800841054404666,0.5574733022685738,20,0.95,0.65,False,False
main_all_labels,random,METHAMPHETAMINE,0,negative_expanded,0.5566923454873046,0.04429526760962306,0.5515254864155905,20,1.0,0.5,False,False
main_all_labels,random,CYTARABINE,1,positive_moderate,0.5550419853568365,0.05340588001064114,0.5359921469907001,20,0.95,0.7,False,False
main_all_labels,random,GLYCOPYRROLATE,1,positive_moderate,0.5524700877314315,0.04189363772440808,0.5548797139256418,20,0.9,0.6,False,False
main_all_labels,random,PROPOFOL,1,positive_high,0.5518431492018664,0.0442239989815269,0.5587880692081916,20,0.9,0.55,False,False
main_all_labels,random,DIPHENHYDRAMINE,1,positive_moderate,0.5489097667762297,0.0478903751540453,0.5491229203229623,20,0.9,0.5,False,False
main_all_labels,random,ETOPOSIDE,1,positive_moderate,0.546555308850704,0.031171671440992404,0.5446921561150835,20,0.95,0.4,False,False
main_all_labels,random,HYDROCHLOROTHIAZIDE,0,negative_expanded,0.544801571476764,0.04029056829458862,0.5374191236410637,20,0.9,0.45,False,False
main_all_labels,random,REMIFENTANIL,1,positive_moderate,0.534966314481313,0.04046351566296064,0.5377962424573789,20,0.8,0.45,False,False
main_all_labels,random,CLOPIDOGREL,0,negative_expanded,0.5347593646609436,0.027050923827182015,0.5409499984723225,20,0.85,0.55,False,False
main_all_labels,random,DEXCHLORPHENIRAMINE,1,positive_moderate,0.534277878191107,0.03831103893367478,0.5438987188263965,20,0.8,0.35,False,False
main_all_labels,random,CHOLECALCIFEROL,0,negative_expanded,0.53268694954858,0.07638474555468074,0.5058033067694832,20,0.55,0.35,False,False
main_all_labels,random,LABETALOL,1,positive_moderate,0.5276499125008609,0.03170647673139139,0.5331621621521054,20,0.8,0.3,False,False
main_all_labels,random,LETROZOLE,0,negative_expanded,0.5275908548544013,0.04434040209799157,0.5200666443918113,20,0.75,0.3,False,False
main_all_labels,random,LISDEXAMFETAMINE,0,negative_expanded,0.5241588115567303,0.04560530476269497,0.5204216391844176,20,0.7,0.4,False,False
main_all_labels,random,FENFLURAMINE,0,negative_expanded,0.5237216519524762,0.060678233939538466,0.5181320448043132,20,0.65,0.4,False,False
main_all_labels,random,POMALIDOMIDE,0,negative_high,0.5220396382721704,0.027797056692980077,0.5212251205323688,20,0.8,0.25,False,False
main_all_labels,random,METAMIZOLE,1,positive_moderate,0.5213390397768352,0.032458701790495495,0.522349255224826,20,0.65,0.35,False,False
main_all_labels,random,APREMILAST,0,negative_moderate,0.5193203631182955,0.033368861437940586,0.5169954834755237,20,0.7,0.25,False,False
main_all_labels,random,NINTEDANIB,0,negative_expanded,0.5179201642429554,0.027845490815258032,0.5128801666830716,20,0.8,0.2,False,False
main_all_labels,random,SUFENTANIL,1,positive_moderate,0.515189566070392,0.04589933196502568,0.5227879651799912,20,0.65,0.4,False,False
main_all_labels,random,RELUGOLIX,0,negative_high,0.514699129460023,0.03276809544746271,0.5110007582037208,20,0.7,0.25,False,False
main_all_labels,random,ERGOCALCIFEROL,0,negative_expanded,0.5058643015069644,0.07849458754315017,0.49429915689611736,20,0.5,0.3,False,False
main_all_labels,random,LORAZEPAM,0,negative_expanded,0.5006146917474801,0.03778021261998053,0.4952258057454455,20,0.45,0.15,False,False
main_all_labels,random,FLUDARABINE,1,positive_moderate,0.4999063398922662,0.07197811095824203,0.4734821061013379,20,0.35,0.3,False,False
main_all_labels,random,RISPERIDONE,0,negative_expanded,0.49652924537904647,0.0501223926631895,0.4882949804654877,20,0.45,0.2,False,False
main_all_labels,random,TAFAMIDIS,0,negative_expanded,0.49647901454404114,0.03643154467098575,0.4948766785889057,20,0.45,0.15,False,False
main_all_labels,random,ALPRAZOLAM,0,negative_moderate,0.48774527655996447,0.03161801088965851,0.48745506918727,20,0.35,0.15,False,False
main_all_labels,random,EPHEDRINE,1,positive_moderate,0.48682503175857494,0.05321803278276133,0.4832747015325962,20,0.35,0.05,False,False
main_all_labels,random,OSIMERTINIB,0,negative_expanded,0.48535994339881017,0.027107373008254533,0.4821957559045513,20,0.3,0.05,False,False
main_all_labels,random,BORTEZOMIB,1,positive_moderate,0.48382445537264723,0.0391335338177721,0.47903821561349114,20,0.4,0.15,False,False
main_all_labels,random,FLUCONAZOLE,0,negative_expanded,0.4823748147997261,0.036049682178888355,0.49614587963192036,20,0.3,0.15,False,False
main_all_labels,random,NAPROXEN,1,positive_moderate,0.4799119061325108,0.04330787958122707,0.47087017962194666,20,0.2,0.1,False,False
main_all_labels,random,RIOCIGUAT,0,negative_expanded,0.477538098257546,0.039390157037167244,0.4784890101818353,20,0.25,0.15,False,False
main_all_labels,random,DROPERIDOL,1,positive_moderate,0.47347352079575866,0.032437757720305244,0.4780511395011443,20,0.2,0.05,False,False
main_all_labels,random,PALBOCICLIB,0,negative_high,0.47333215792999483,0.034168939586850695,0.46800860206764466,20,0.3,0.15,False,False
main_all_labels,random,MACITENTAN,0,negative_expanded,0.4696574857051307,0.03159920467362766,0.47485470697212984,20,0.15,0.0,False,False
main_all_labels,random,ADAPALENE,0,negative_expanded,0.4683879685957562,0.03878014218961219,0.46982478727439714,20,0.1,0.1,False,False
main_all_labels,random,KETAMINE,1,positive_moderate,0.46518013011508463,0.029600162249872167,0.4634368005930962,20,0.1,0.0,False,False
main_all_labels,random,PIMAVANSERIN,0,negative_high,0.45412932324237565,0.02649700651324965,0.4506954700704651,20,0.1,0.0,False,False
main_all_labels,random,MIRTAZAPINE,0,negative_expanded,0.44697259895172003,0.03518116672021258,0.44678831326922275,20,0.1,0.05,False,False
main_all_labels,random,QUETIAPINE,0,negative_moderate,0.44625561774062306,0.033474264992657,0.44058822568139344,20,0.05,0.0,False,False
main_all_labels,random,CABOZANTINIB,0,negative_high,0.4461072777875975,0.026114428892657988,0.43896403140541923,20,0.05,0.0,False,False
main_all_labels,random,APREPITANT,1,positive_moderate,0.4389434454957527,0.03258370834021888,0.43439262185498223,20,0.05,0.0,False,False
main_all_labels,random,VENETOCLAX,0,negative_expanded,0.4209966283709193,0.04635680987916014,0.4146645970661589,20,0.15,0.0,False,False
main_all_labels,random,ONDANSETRON,1,positive_high,0.4173537829726036,0.029753003770110885,0.4153256862108454,20,0.0,0.0,False,False
main_all_labels,random,SPARSENTAN,0,negative_expanded,0.41075212612104994,0.03570592805148625,0.4133260404688302,20,0.0,0.0,False,False
main_all_labels,random,CANDESARTAN,0,negative_expanded,0.4003935910509697,0.03377181328972841,0.4020886415546009,20,0.0,0.0,False,False
main_all_labels,random,ARIPIPRAZOLE,0,negative_expanded,0.39710987121463925,0.037421105506436826,0.3933169894007196,20,0.0,0.0,False,False
main_all_labels,random,NEMTABRUTINIB,1,positive_moderate,0.39340684276932236,0.034641807120691266,0.3914933715281228,20,0.0,0.0,False,True
main_all_labels,random,IBRUTINIB,0,negative_moderate,0.37495781380329596,0.03112416463845884,0.36803308957573777,20,0.0,0.0,False,False
main_all_labels,random,ENCORAFENIB,1,positive_moderate,0.3725516461517331,0.03975911350585215,0.38794552103714575,20,0.0,0.0,False,True
main_all_labels,random,ABEMACICLIB,0,negative_moderate,0.3236770480394617,0.02672018857740291,0.318428903864063,20,0.0,0.0,False,False
main_all_labels,random,MIDAZOLAM,1,positive_moderate,0.2769627583336202,0.03791080611634153,0.270785429900018,20,0.0,0.0,False,True
main_all_labels,random,OLANZAPINE,0,negative_moderate,0.2646563188844163,0.04052970538338656,0.25689954909625723,20,0.0,0.0,False,False
main_all_labels,random,CLOZAPINE,0,negative_high,0.23305618301086492,0.04026398602172461,0.22798712672490545,20,0.0,0.0,False,False
main_all_labels,scaffold,BUDESONIDE,1,positive_moderate,0.7666914392850923,0.03967921661949273,0.7799593610637876,20,1.0,1.0,False,False
main_all_labels,scaffold,AZACITIDINE,0,negative_expanded,0.7372241544042701,0.04443021504917241,0.7415874361187471,20,1.0,1.0,True,False
main_all_labels,scaffold,SUCCINYLCHOLINE,1,positive_moderate,0.7115241207972438,0.04269409113551215,0.7224402197796036,20,1.0,1.0,False,False
main_all_labels,scaffold,HYDROCORTISONE,1,positive_moderate,0.7072649527592667,0.0387429645428627,0.7191317016440607,20,1.0,1.0,False,False
main_all_labels,scaffold,TREOSULFAN,1,positive_moderate,0.6930292866909826,0.038697550804054966,0.6977605343958964,20,1.0,1.0,False,False
main_all_labels,scaffold,IOPAMIDOL,1,positive_moderate,0.6894822632523091,0.03688549836684471,0.6964730960355497,20,1.0,1.0,False,False
main_all_labels,scaffold,METHYLPREDNISOLONE,1,positive_moderate,0.6886571804044744,0.028713842707203698,0.6917824699323422,20,1.0,1.0,False,False
main_all_labels,scaffold,TROFINETIDE,0,negative_expanded,0.686755201527539,0.03938917806058665,0.6947890464225046,20,1.0,1.0,True,False
main_all_labels,scaffold,TECFIDERA,1,positive_moderate,0.6827357007051611,0.03755152597442904,0.672171330754441,20,1.0,1.0,False,False
main_all_labels,scaffold,CEFUROXIME,1,positive_high,0.6816769385369195,0.03902219008332935,0.6825372857811809,20,1.0,1.0,False,False
main_all_labels,scaffold,TRANEXAMIC ACID,1,positive_moderate,0.6685019817257959,0.04128322366938161,0.6716556254611081,20,1.0,1.0,False,False
main_all_labels,scaffold,CHLORHEXIDINE GLUCONATE,1,positive_moderate,0.6635212842692602,0.04734768188869934,0.6650292995208408,20,1.0,1.0,False,False
main_all_labels,scaffold,IOPROMIDE,1,positive_high,0.6607775777161857,0.03466739921476661,0.6726393606558912,20,1.0,1.0,False,False
main_all_labels,scaffold,CYCLOPHOSPHAMIDE,1,positive_moderate,0.6592126263845836,0.046760077720974416,0.6588141717287581,20,1.0,1.0,False,False
main_all_labels,scaffold,MELPHALAN,1,positive_moderate,0.6509709787432648,0.05280385583444974,0.6425357388358907,20,1.0,1.0,False,False
main_all_labels,scaffold,DEXAMETHASONE,1,positive_high,0.6479307948598356,0.03136055492916701,0.6579008452676548,20,1.0,1.0,False,False
main_all_labels,scaffold,SPIRONOLACTONE,0,negative_expanded,0.6463614474786117,0.05056831460946345,0.6582323465371683,20,1.0,1.0,True,False
main_all_labels,scaffold,DEXAMETHASONE ACETATE,1,positive_moderate,0.6414785338114845,0.0315968035620133,0.6503001992773585,20,1.0,1.0,False,False
main_all_labels,scaffold,AZITHROMYCIN,1,positive_moderate,0.6410075291234261,0.024792585447088834,0.6393858356725408,20,1.0,1.0,False,False
main_all_labels,scaffold,AMOXICILLIN,1,positive_high,0.6409313252251191,0.0327889678072951,0.6312728661493356,20,1.0,1.0,False,False
main_all_labels,scaffold,ISOTRETINOIN,0,negative_expanded,0.6389651882185319,0.046274070567518207,0.6377615452183738,20,1.0,0.95,True,False
main_all_labels,scaffold,GABAPENTIN,1,positive_moderate,0.6340532481698977,0.04694388203259215,0.6218969633429426,20,1.0,1.0,False,False
main_all_labels,scaffold,ROCURONIUM,1,positive_high,0.6333648853168112,0.03737094326507502,0.6394401481434397,20,1.0,1.0,False,False
main_all_labels,scaffold,CEFTRIAXONE,1,positive_high,0.6324607274747935,0.043071961324954444,0.631917182939598,20,1.0,0.95,False,False
main_all_labels,scaffold,CHOLECALCIFEROL,0,negative_expanded,0.6317094943282875,0.045848820566874726,0.637598923086176,20,1.0,0.95,True,False
main_all_labels,scaffold,ISOSORBIDE DINITRATE,1,positive_moderate,0.6312892140545852,0.039232588124259185,0.6190723975799007,20,1.0,1.0,False,False
main_all_labels,scaffold,ZOLEDRONIC ACID,1,positive_moderate,0.6265916526236552,0.04348976806186186,0.6374163276282538,20,1.0,1.0,False,False
main_all_labels,scaffold,LEVONORGESTREL,0,negative_expanded,0.6257613874175727,0.048383688833557356,0.6353435300656534,20,1.0,0.95,True,False
main_all_labels,scaffold,CEFAZOLIN,1,positive_moderate,0.6218866240133438,0.06101181442960383,0.610918326170599,20,1.0,0.9,False,False
main_all_labels,scaffold,MESALAMINE,0,negative_expanded,0.621347835813301,0.037365304024172784,0.6168865303540487,20,1.0,1.0,True,False
main_all_labels,scaffold,ALBUTEROL,1,positive_moderate,0.6198133014409273,0.039239434575463014,0.6178474971266861,20,1.0,1.0,False,False
main_all_labels,scaffold,IFOSFAMIDE,1,positive_moderate,0.6119790004708671,0.04722015456497349,0.6141995768065976,20,1.0,0.95,False,False
main_all_labels,scaffold,METHAMPHETAMINE,0,negative_expanded,0.6086023353370551,0.040674213173898084,0.6132763478550771,20,1.0,1.0,True,False
main_all_labels,scaffold,LISDEXAMFETAMINE,0,negative_expanded,0.6058945385735723,0.04368330842619378,0.6025917517636861,20,1.0,1.0,True,False
main_all_labels,scaffold,TREPROSTINIL,0,negative_moderate,0.6050816408027181,0.029968462919453383,0.6008142956189855,20,1.0,0.9,True,False
main_all_labels,scaffold,SEVOFLURANE,1,positive_moderate,0.6034331473460096,0.04713010881245866,0.5988528550108673,20,1.0,0.9,False,False
main_all_labels,scaffold,LACOSAMIDE,0,negative_expanded,0.599358314770266,0.04488160231279376,0.5975486796834493,20,1.0,0.95,False,False
main_all_labels,scaffold,MORPHINE,1,positive_moderate,0.5964038909301574,0.03823267704167144,0.6065123633860625,20,1.0,0.9,False,False
main_all_labels,scaffold,ACETAMINOPHEN,1,positive_high,0.5943556608167071,0.03351589130293208,0.5861171176270341,20,1.0,1.0,False,False
main_all_labels,scaffold,DICLOFENAC,1,positive_high,0.5927922869114164,0.0349453083231633,0.5931516982163311,20,1.0,0.9,False,False
main_all_labels,scaffold,FAMOTIDINE,1,positive_moderate,0.5918493483743879,0.04119562277979031,0.5840067744543949,20,1.0,0.85,False,False
main_all_labels,scaffold,VENLAFAXINE,0,negative_expanded,0.5904889567481612,0.04346792534008858,0.5822006939994987,20,0.95,0.8,False,False
main_all_labels,scaffold,EPHEDRINE,1,positive_moderate,0.5900916116133427,0.03393639398190619,0.590436620852115,20,1.0,0.95,False,False
main_all_labels,scaffold,PSEUDOEPHEDRINE,0,negative_expanded,0.5900916116133427,0.03393639398190619,0.590436620852115,20,1.0,0.95,False,False
main_all_labels,scaffold,ERGOCALCIFEROL,0,negative_expanded,0.5880919847849715,0.04558348629324704,0.5903024581386198,20,0.9,0.85,False,False
main_all_labels,scaffold,LIDOCAINE,1,positive_high,0.5836001683604337,0.03736671287579588,0.5925830784876337,20,1.0,0.9,False,False
main_all_labels,scaffold,AMBRISENTAN,0,negative_expanded,0.5835695138216596,0.028020637617180558,0.5830616501331938,20,1.0,0.85,False,False
main_all_labels,scaffold,HYDROMORPHONE,1,positive_moderate,0.5797206686056164,0.04658605707369416,0.5833209284372595,20,0.95,0.9,False,False
main_all_labels,scaffold,AZATHIOPRINE,0,negative_moderate,0.5736929830485233,0.04070629711401991,0.5720336862480904,20,1.0,0.65,False,False
main_all_labels,scaffold,COCAINE,0,negative_expanded,0.5736438576119443,0.03566481429699795,0.5706169894271609,20,0.95,0.8,False,False
main_all_labels,scaffold,DOXORUBICIN,1,positive_moderate,0.5715950259302749,0.03733341860442735,0.565764073054706,20,1.0,0.65,False,False
main_all_labels,scaffold,LEVOLEUCOVORIN,1,positive_moderate,0.566192898070493,0.03355662531693745,0.5637502159517087,20,0.95,0.65,False,False
main_all_labels,scaffold,BENDAMUSTINE,1,positive_moderate,0.5591385092351209,0.04131960044314147,0.5657666419780465,20,0.9,0.65,False,False
main_all_labels,scaffold,PACLITAXEL,1,positive_high,0.5583222585564751,0.04560527624375299,0.5670158169930373,20,0.85,0.7,False,False
main_all_labels,scaffold,CYTARABINE,1,positive_moderate,0.5575066862429072,0.05231881702054796,0.5575007541133781,20,0.9,0.75,False,False
main_all_labels,scaffold,REMIFENTANIL,1,positive_moderate,0.5508504607050171,0.0470079121372224,0.5579767569034049,20,0.9,0.55,False,False
main_all_labels,scaffold,PROPOFOL,1,positive_high,0.5481754652952733,0.033513040634677846,0.5576699216115794,20,0.9,0.65,False,False
main_all_labels,scaffold,DIPHENHYDRAMINE,1,positive_moderate,0.5468374470509565,0.03325435001150647,0.5422216697429382,20,0.95,0.55,False,False
main_all_labels,scaffold,HYDROCHLOROTHIAZIDE,0,negative_expanded,0.5454403061366332,0.03800764048807093,0.5435322888245334,20,0.9,0.4,False,False
main_all_labels,scaffold,POMALIDOMIDE,0,negative_high,0.5381942174620369,0.051783540987810565,0.5467133443485629,20,0.8,0.4,False,False
main_all_labels,scaffold,ETOPOSIDE,1,positive_moderate,0.5379257817124443,0.029150788021420588,0.5392653360379039,20,0.9,0.35,False,False
main_all_labels,scaffold,FENFLURAMINE,0,negative_expanded,0.5346212999610116,0.03617280885780222,0.5420997325510122,20,0.85,0.55,False,False
main_all_labels,scaffold,DEXCHLORPHENIRAMINE,1,positive_moderate,0.5343093064941838,0.03740036030194386,0.5307590682536363,20,0.9,0.45,False,False
main_all_labels,scaffold,GLYCOPYRROLATE,1,positive_moderate,0.5326089684398705,0.04208855456511703,0.5397340461822797,20,0.7,0.35,False,False
main_all_labels,scaffold,LABETALOL,1,positive_moderate,0.5311905000578363,0.040246177081302105,0.5318190355231911,20,0.8,0.2,False,False
main_all_labels,scaffold,CLOPIDOGREL,0,negative_expanded,0.5300392263114908,0.03710345298184197,0.5370115621166973,20,0.75,0.2,False,False
main_all_labels,scaffold,LETROZOLE,0,negative_expanded,0.5200854373571048,0.03931592716158601,0.5226540374444179,20,0.7,0.3,False,False
main_all_labels,scaffold,NINTEDANIB,0,negative_expanded,0.5181595044047236,0.049203772334452556,0.5361416659486176,20,0.65,0.25,False,False
main_all_labels,scaffold,APREMILAST,0,negative_moderate,0.5153428512455087,0.03714335711059423,0.5148386552869872,20,0.55,0.15,False,False
main_all_labels,scaffold,RELUGOLIX,0,negative_high,0.5120538993955126,0.052803745705840996,0.5117453430233687,20,0.7,0.25,False,False
main_all_labels,scaffold,SUFENTANIL,1,positive_moderate,0.5101971821706737,0.03914822871120016,0.5077705617055281,20,0.55,0.2,False,False
main_all_labels,scaffold,METAMIZOLE,1,positive_moderate,0.5044229645268038,0.03838391547177109,0.5241166954574372,20,0.6,0.2,False,False
main_all_labels,scaffold,BORTEZOMIB,1,positive_moderate,0.5013286934920554,0.045800338026033234,0.5005418944833803,20,0.5,0.35,False,False
main_all_labels,scaffold,ALPRAZOLAM,0,negative_moderate,0.4990854451221933,0.039001852422317504,0.5062200481164046,20,0.55,0.1,False,False
main_all_labels,scaffold,TAFAMIDIS,0,negative_expanded,0.4913160827337023,0.05124648219523328,0.49735723134389875,20,0.5,0.05,False,False
main_all_labels,scaffold,FLUDARABINE,1,positive_moderate,0.4912147473035152,0.0674935218293919,0.4726644634091918,20,0.4,0.2,False,False
main_all_labels,scaffold,RIOCIGUAT,0,negative_expanded,0.48761340049720603,0.046861705327349554,0.48689504089947055,20,0.35,0.05,False,False
main_all_labels,scaffold,FLUCONAZOLE,0,negative_expanded,0.48547389470283936,0.03510317256518553,0.4888776005811556,20,0.3,0.15,False,False
main_all_labels,scaffold,LORAZEPAM,0,negative_expanded,0.4847378095662357,0.03200788682740006,0.4770130758049407,20,0.25,0.1,False,False
main_all_labels,scaffold,RISPERIDONE,0,negative_expanded,0.4840804439214527,0.05312077381598433,0.48851616032609363,20,0.25,0.0,False,False
main_all_labels,scaffold,MACITENTAN,0,negative_expanded,0.4837666709004715,0.043451074731786325,0.48584807472871816,20,0.4,0.0,False,False
main_all_labels,scaffold,PALBOCICLIB,0,negative_high,0.47684069285113023,0.04227078054101759,0.4620996951938676,20,0.3,0.0,False,False
main_all_labels,scaffold,OSIMERTINIB,0,negative_expanded,0.4760339485821756,0.04726893932113267,0.48638998387193066,20,0.4,0.05,False,False
main_all_labels,scaffold,VINCRISTINE,1,positive_moderate,0.47441847562258344,0.039747050694693566,0.4749549366106676,20,0.3,0.0,False,False
main_all_labels,scaffold,DROPERIDOL,1,positive_moderate,0.47310727434887206,0.035018590841892995,0.48652504562483034,20,0.3,0.0,False,False
main_all_labels,scaffold,ADAPALENE,0,negative_expanded,0.47241229503303794,0.03653770744102423,0.46956871245620796,20,0.25,0.0,False,False
main_all_labels,scaffold,KETAMINE,1,positive_moderate,0.46708884151605456,0.04638483301226171,0.4637443825946971,20,0.2,0.0,False,False
main_all_labels,scaffold,VINBLASTINE,1,positive_moderate,0.46543821539077934,0.03939053717099525,0.46630329668887305,20,0.2,0.0,False,False
main_all_labels,scaffold,NAPROXEN,1,positive_moderate,0.4614546136232778,0.03465893716015169,0.45850423666466145,20,0.15,0.05,False,False
main_all_labels,scaffold,PIMAVANSERIN,0,negative_high,0.45994893980941265,0.031866693129072664,0.4629606452919204,20,0.1,0.0,False,False
main_all_labels,scaffold,MIRTAZAPINE,0,negative_expanded,0.45442935127942735,0.03375747237650706,0.44194848776205253,20,0.15,0.0,False,False
main_all_labels,scaffold,VENETOCLAX,0,negative_expanded,0.4507133482981053,0.02953984689661635,0.4527874352097376,20,0.05,0.0,False,False
main_all_labels,scaffold,CABOZANTINIB,0,negative_high,0.4472857376055428,0.043189985630456715,0.44733734900554123,20,0.1,0.0,False,False
main_all_labels,scaffold,APREPITANT,1,positive_moderate,0.4329244205570699,0.027658613160128596,0.4323585771430636,20,0.0,0.0,False,False
main_all_labels,scaffold,ONDANSETRON,1,positive_high,0.42629425396181037,0.049445140578245055,0.4174481403551352,20,0.1,0.0,False,False
main_all_labels,scaffold,QUETIAPINE,0,negative_moderate,0.42216821815139394,0.030998991030926366,0.4228097832356368,20,0.0,0.05,False,False
main_all_labels,scaffold,SPARSENTAN,0,negative_expanded,0.4196486957346914,0.032024056739079085,0.41335069933763124,20,0.0,0.0,False,False
main_all_labels,scaffold,CANDESARTAN,0,negative_expanded,0.4085275213456865,0.033113793071691905,0.4092001214054586,20,0.05,0.0,False,False
main_all_labels,scaffold,NEMTABRUTINIB,1,positive_moderate,0.4010856615835453,0.0351491270574572,0.39694935440835255,20,0.0,0.0,False,False
main_all_labels,scaffold,ARIPIPRAZOLE,0,negative_expanded,0.3790198813203959,0.03032320518966319,0.38070492239730813,20,0.0,0.0,False,False
main_all_labels,scaffold,IBRUTINIB,0,negative_moderate,0.37236552814648183,0.049728748033855054,0.37050429318512296,20,0.0,0.0,False,False
main_all_labels,scaffold,ENCORAFENIB,1,positive_moderate,0.3479497382093014,0.02891727047584787,0.34021910639358427,20,0.0,0.0,False,True
main_all_labels,scaffold,ABEMACICLIB,0,negative_moderate,0.32496394305443566,0.029765045251168857,0.32224820182781677,20,0.0,0.0,False,False
main_all_labels,scaffold,MIDAZOLAM,1,positive_moderate,0.2547213781423869,0.03541141634611282,0.2422783575908321,20,0.0,0.0,False,True
main_all_labels,scaffold,CLOZAPINE,0,negative_high,0.22957057487712856,0.03202114887154011,0.23221733866441166,20,0.0,0.0,False,False
main_all_labels,scaffold,OLANZAPINE,0,negative_moderate,0.22464075137568962,0.03323207930392932,0.21795536574027463,20,0.0,0.0,False,False
no_low_weight_labels,random,CEFUROXIME,1,positive_high,0.5969629319971232,0.033353899009941186,0.5977680312040644,20,1.0,1.0,False,False
no_low_weight_labels,random,AMOXICILLIN,1,positive_high,0.5912103858616937,0.025729548649257247,0.5850504598329628,20,1.0,1.0,False,False
no_low_weight_labels,random,TREPROSTINIL,0,negative_moderate,0.577558476728832,0.03001295660161682,0.5744957812099223,20,1.0,0.9,False,False
no_low_weight_labels,random,DEXAMETHASONE,1,positive_high,0.5762652653219853,0.029170607178606867,0.5767753064062189,20,1.0,0.85,False,False
no_low_weight_labels,random,IOPROMIDE,1,positive_high,0.572438881926675,0.023756205696006182,0.5730279857693239,20,1.0,0.9,False,False
no_low_weight_labels,random,LIDOCAINE,1,positive_high,0.570999808651015,0.03011560331977747,0.5659829702193196,20,1.0,0.95,False,False
no_low_weight_labels,random,ACETAMINOPHEN,1,positive_high,0.5617174563168907,0.020925339290706637,0.5626897270632438,20,1.0,0.95,False,False
no_low_weight_labels,random,DICLOFENAC,1,positive_high,0.5538763853867545,0.023842480215644956,0.5493085162146305,20,1.0,0.95,False,False
no_low_weight_labels,random,PACLITAXEL,1,positive_high,0.5501636879357336,0.028621716650808267,0.5538922698050779,20,0.9,0.75,False,False
no_low_weight_labels,random,ROCURONIUM,1,positive_high,0.5292775419209843,0.02853506934533758,0.5378227409826186,20,0.85,0.65,False,False
no_low_weight_labels,random,CEFTRIAXONE,1,positive_high,0.5270155680916713,0.033143533596910454,0.5297867718319633,20,0.7,0.85,False,False
no_low_weight_labels,random,PROPOFOL,1,positive_high,0.5241778033902365,0.01983655951943984,0.5271362886196154,20,0.95,0.6,False,False
no_low_weight_labels,random,APREMILAST,0,negative_moderate,0.518107558127612,0.016888760065617316,0.5144572341846758,20,0.85,0.5,False,False
no_low_weight_labels,random,RELUGOLIX,0,negative_high,0.5150688085966918,0.02933404212278538,0.5075296969834494,20,0.75,0.35,False,False
no_low_weight_labels,random,POMALIDOMIDE,0,negative_high,0.5134869506701627,0.032608600121171075,0.5213589409678846,20,0.65,0.4,False,False
no_low_weight_labels,random,AZATHIOPRINE,0,negative_moderate,0.49922096880216016,0.03877523443313141,0.5040142984940232,20,0.55,0.1,False,False
no_low_weight_labels,random,PALBOCICLIB,0,negative_high,0.4972283383086159,0.02999495361645046,0.5008787590176295,20,0.55,0.1,False,False
no_low_weight_labels,random,CABOZANTINIB,0,negative_high,0.4865794010648668,0.032157395581601925,0.4940728222729833,20,0.45,0.2,False,False
no_low_weight_labels,random,PIMAVANSERIN,0,negative_high,0.48025246589214354,0.025123753120604306,0.4823055691068193,20,0.1,0.05,False,False
no_low_weight_labels,random,IBRUTINIB,0,negative_moderate,0.4557736428995568,0.018909604821301475,0.4535930237887944,20,0.05,0.0,False,False
no_low_weight_labels,random,ALPRAZOLAM,0,negative_moderate,0.45301520723571975,0.032239041898954116,0.46172961591520845,20,0.0,0.0,False,False
no_low_weight_labels,random,QUETIAPINE,0,negative_moderate,0.42992284619224586,0.029175825718366147,0.42101309002304954,20,0.0,0.0,False,False
no_low_weight_labels,random,ONDANSETRON,1,positive_high,0.4151393250597873,0.023866030713475848,0.41097816874992915,20,0.0,0.0,False,False
no_low_weight_labels,random,ABEMACICLIB,0,negative_moderate,0.40167697488984483,0.032617543642288215,0.39977340451808063,20,0.0,0.0,False,False
no_low_weight_labels,random,OLANZAPINE,0,negative_moderate,0.3498209455395646,0.0334871486498052,0.34033614400681944,20,0.0,0.0,False,False
no_low_weight_labels,random,CLOZAPINE,0,negative_high,0.3467151136795981,0.03909514195859956,0.3464996854631304,20,0.0,0.0,False,False
no_low_weight_labels,scaffold,TREPROSTINIL,0,negative_moderate,0.610984480057516,0.06875459936892112,0.6317924476705923,19,0.8947368421052632,0.7894736842105263,True,False
no_low_weight_labels,scaffold,CEFUROXIME,1,positive_high,0.5921692241247102,0.08160033719127463,0.6277040933715065,20,0.7,1.0,False,False
no_low_weight_labels,scaffold,AZATHIOPRINE,0,negative_moderate,0.5891361466702957,0.018920896697920797,0.5884060181751326,17,1.0,0.8823529411764706,False,False
no_low_weight_labels,scaffold,AMOXICILLIN,1,positive_high,0.5860728306273653,0.0668205775479365,0.5960692391651968,20,0.9,0.8,False,False
no_low_weight_labels,scaffold,POMALIDOMIDE,0,negative_high,0.5519574975764875,0.047239547727204095,0.5721879372919966,18,0.8333333333333334,0.3888888888888889,False,False
no_low_weight_labels,scaffold,PACLITAXEL,1,positive_high,0.5462816314230853,0.07569924441530441,0.5654134772655676,20,0.7,0.6,False,False
no_low_weight_labels,scaffold,ROCURONIUM,1,positive_high,0.5264725274501141,0.04520742274036904,0.5142679081931403,20,0.65,0.45,False,False
no_low_weight_labels,scaffold,APREMILAST,0,negative_moderate,0.5236711091047941,0.061536927126438136,0.5431753500937332,20,0.75,0.45,False,False
no_low_weight_labels,scaffold,CEFTRIAXONE,1,positive_high,0.5147489752021422,0.05676742663425886,0.5084048455050045,19,0.5263157894736842,0.5789473684210527,False,False
no_low_weight_labels,scaffold,DICLOFENAC,1,positive_high,0.5091885557138941,0.09594758669738977,0.5344808770665961,19,0.7894736842105263,0.6842105263157895,False,False
no_low_weight_labels,scaffold,DEXAMETHASONE,1,positive_high,0.5070891227720092,0.09279703227128049,0.5424216008204472,19,0.5263157894736842,1.0,False,False
no_low_weight_labels,scaffold,PALBOCICLIB,0,negative_high,0.5002112246676891,0.07019554824564128,0.5105145547619977,19,0.5263157894736842,0.15789473684210525,False,False
no_low_weight_labels,scaffold,PIMAVANSERIN,0,negative_high,0.4941456830549118,0.04395610244775402,0.5054604096775369,17,0.5294117647058824,0.0,False,False
no_low_weight_labels,scaffold,CABOZANTINIB,0,negative_high,0.4734866588994137,0.07072350266030203,0.49449783999760055,19,0.42105263157894735,0.0,False,False
no_low_weight_labels,scaffold,RELUGOLIX,0,negative_high,0.47055023263004603,0.10952523017832475,0.5105679644789619,19,0.5789473684210527,0.21052631578947367,False,False
no_low_weight_labels,scaffold,ALPRAZOLAM,0,negative_moderate,0.4450967141502188,0.07429805625541468,0.46247295702055746,19,0.3684210526315789,0.0,False,False
no_low_weight_labels,scaffold,QUETIAPINE,0,negative_moderate,0.4248916785622071,0.033646914662885795,0.43203607333908955,20,0.0,0.0,False,False
no_low_weight_labels,scaffold,ABEMACICLIB,0,negative_moderate,0.41848850936900334,0.06815493787979786,0.46324377878354617,19,0.0,0.0,False,False
no_low_weight_labels,scaffold,IBRUTINIB,0,negative_moderate,0.41159924202410436,0.061313584116160766,0.40113039870608447,16,0.125,0.0,False,False
no_low_weight_labels,scaffold,IOPROMIDE,1,positive_high,0.3882418241344339,0.04525666806461199,0.38116566385013473,20,0.0,0.05,False,True
no_low_weight_labels,scaffold,ACETAMINOPHEN,1,positive_high,0.3838083928246145,0.05078048737992759,0.3791770750325684,20,0.0,0.1,False,True
no_low_weight_labels,scaffold,ONDANSETRON,1,positive_high,0.3755764267654896,0.051427514093386334,0.38052546555732747,20,0.0,0.0,False,True
no_low_weight_labels,scaffold,LIDOCAINE,1,positive_high,0.37533274924562876,0.052568841111247176,0.36220836388401884,20,0.0,0.05,False,True
no_low_weight_labels,scaffold,OLANZAPINE,0,negative_moderate,0.36184787804188684,0.035016870518136345,0.3677732430643996,20,0.0,0.0,False,False
no_low_weight_labels,scaffold,PROPOFOL,1,positive_high,0.3458148219144396,0.04527085821996917,0.34119521560418664,20,0.0,0.0,False,True
no_low_weight_labels,scaffold,CLOZAPINE,0,negative_high,0.32967510763303626,0.07613222278421942,0.3392663483043621,20,0.0,0.0,False,False
no_negative_expanded,random,SUCCINYLCHOLINE,1,positive_moderate,0.9448401137405116,0.006869350904304538,0.9451258766199273,20,1.0,1.0,False,False
no_negative_expanded,random,GABAPENTIN,1,positive_moderate,0.932031020399797,0.008951727944216763,0.9322461278221471,20,1.0,1.0,False,False
no_negative_expanded,random,TECFIDERA,1,positive_moderate,0.9308441628539527,0.011249782377673304,0.931918936059438,20,1.0,1.0,False,False
no_negative_expanded,random,TRANEXAMIC ACID,1,positive_moderate,0.9295283927587157,0.01233071040763518,0.9312203867260223,20,1.0,1.0,False,False
no_negative_expanded,random,IOPAMIDOL,1,positive_moderate,0.9195669226413521,0.010583376107640015,0.9203321237143267,20,1.0,1.0,False,False
no_negative_expanded,random,HYDROCORTISONE,1,positive_moderate,0.9048610002102123,0.019620961941398545,0.9088019934253296,20,1.0,1.0,False,False
no_negative_expanded,random,TREOSULFAN,1,positive_moderate,0.9027225743339011,0.015654374484917036,0.9012223789547353,20,1.0,1.0,False,False
no_negative_expanded,random,EPHEDRINE,1,positive_moderate,0.9011752818694742,0.01141063484229001,0.8997720914066205,20,1.0,1.0,False,False
no_negative_expanded,random,DEXAMETHASONE,1,positive_high,0.898736042126302,0.02244131599782336,0.898424791129377,20,1.0,1.0,False,False
no_negative_expanded,random,METHYLPREDNISOLONE,1,positive_moderate,0.8975464245993171,0.018506431359339784,0.8977685103070837,20,1.0,1.0,False,False
no_negative_expanded,random,IOPROMIDE,1,positive_high,0.8974556608323926,0.01233698504818327,0.8950739983043695,20,1.0,1.0,False,False
no_negative_expanded,random,ISOSORBIDE DINITRATE,1,positive_moderate,0.8953005246451875,0.015236607903992656,0.8928830790995683,20,1.0,1.0,False,False
no_negative_expanded,random,MELPHALAN,1,positive_moderate,0.8952748863176769,0.015141482051748017,0.896963665984593,20,1.0,1.0,False,False
no_negative_expanded,random,DEXAMETHASONE ACETATE,1,positive_moderate,0.8935762492832942,0.020755998903617807,0.8969518183551224,20,1.0,1.0,False,False
no_negative_expanded,random,BUDESONIDE,1,positive_moderate,0.8917703949216385,0.020266258883450582,0.8933518176923794,20,1.0,1.0,False,False
no_negative_expanded,random,ALBUTEROL,1,positive_moderate,0.8886739461018507,0.01783372469174599,0.8929443543645437,20,1.0,1.0,False,False
no_negative_expanded,random,SEVOFLURANE,1,positive_moderate,0.8860091228319286,0.013958325913122667,0.8852628044471627,20,1.0,1.0,False,False
no_negative_expanded,random,LABETALOL,1,positive_moderate,0.8852494890851723,0.01386798021797073,0.8850706415055953,20,1.0,1.0,False,False
no_negative_expanded,random,AMOXICILLIN,1,positive_high,0.8847066832469144,0.016725509702061332,0.8851238017534842,20,1.0,1.0,False,False
no_negative_expanded,random,CYCLOPHOSPHAMIDE,1,positive_moderate,0.8792740497686774,0.01971588826041907,0.8810949801611418,20,1.0,1.0,False,False
no_negative_expanded,random,ZOLEDRONIC ACID,1,positive_moderate,0.8730025833688094,0.01961175443121711,0.8679454095695267,20,1.0,1.0,False,False
no_negative_expanded,random,GLYCOPYRROLATE,1,positive_moderate,0.8707110033986636,0.018007979371520225,0.8731699577391852,20,1.0,1.0,False,False
no_negative_expanded,random,ROCURONIUM,1,positive_high,0.8702937341260485,0.01735644784839154,0.8661908317197748,20,1.0,1.0,False,False
no_negative_expanded,random,CHLORHEXIDINE GLUCONATE,1,positive_moderate,0.8667994482179887,0.02505878834675739,0.8702044272565981,20,1.0,1.0,False,False
no_negative_expanded,random,AZITHROMYCIN,1,positive_moderate,0.865084522463176,0.016866150731712777,0.864365295350556,20,1.0,1.0,False,False
no_negative_expanded,random,PROPOFOL,1,positive_high,0.8629832655102788,0.015411054063418106,0.862511568230655,20,1.0,1.0,False,False
no_negative_expanded,random,LIDOCAINE,1,positive_high,0.8623905706533588,0.019857292994892316,0.8639613990572618,20,1.0,1.0,False,False
no_negative_expanded,random,DICLOFENAC,1,positive_high,0.8622996830027937,0.019276685980203632,0.865322658792055,20,1.0,1.0,False,False
no_negative_expanded,random,CYTARABINE,1,positive_moderate,0.8620278231444093,0.010846664845009261,0.8609497641171665,20,1.0,1.0,False,False
no_negative_expanded,random,TREPROSTINIL,0,negative_moderate,0.8546718131376243,0.019798646410038662,0.8518473104544062,20,1.0,1.0,True,False
no_negative_expanded,random,ACETAMINOPHEN,1,positive_high,0.8518596210808758,0.0233214131902678,0.8579013052815541,20,1.0,1.0,False,False
no_negative_expanded,random,FAMOTIDINE,1,positive_moderate,0.8511789961426673,0.018416332175011204,0.8507834235987506,20,1.0,1.0,False,False
no_negative_expanded,random,IFOSFAMIDE,1,positive_moderate,0.843252056533365,0.019765936206904772,0.8406639171901296,20,1.0,1.0,False,False
no_negative_expanded,random,DIPHENHYDRAMINE,1,positive_moderate,0.8429058635420488,0.016131089758467384,0.8438113350615131,20,1.0,1.0,False,False
no_negative_expanded,random,NAPROXEN,1,positive_moderate,0.8420447474338705,0.02779136282405882,0.8376783564887695,20,1.0,1.0,False,False
no_negative_expanded,random,BENDAMUSTINE,1,positive_moderate,0.8410561090607436,0.016608587702594463,0.841556424564006,20,1.0,1.0,False,False
no_negative_expanded,random,CEFUROXIME,1,positive_high,0.8389413855090494,0.02066028137687209,0.8447978299806702,20,1.0,1.0,False,False
no_negative_expanded,random,AZATHIOPRINE,0,negative_moderate,0.8360027241031857,0.02549106904053296,0.8410718403240067,20,1.0,1.0,True,False
no_negative_expanded,random,KETAMINE,1,positive_moderate,0.8347023433175348,0.0234649136896699,0.8349266890062634,20,1.0,1.0,False,False
no_negative_expanded,random,BORTEZOMIB,1,positive_moderate,0.831470524030353,0.022545832809602758,0.8274941160036865,20,1.0,1.0,False,False
no_negative_expanded,random,REMIFENTANIL,1,positive_moderate,0.817272758231687,0.023555344938174554,0.8256680049788814,20,1.0,1.0,False,False
no_negative_expanded,random,LEVOLEUCOVORIN,1,positive_moderate,0.8123750438548086,0.020224057379828936,0.8130298947385681,20,1.0,1.0,False,False
no_negative_expanded,random,CEFAZOLIN,1,positive_moderate,0.8084265486568369,0.030234803201214463,0.8113359319585389,20,1.0,1.0,False,False
no_negative_expanded,random,MORPHINE,1,positive_moderate,0.8025189613045571,0.027057324460843392,0.802459917798688,20,1.0,1.0,False,False
no_negative_expanded,random,HYDROMORPHONE,1,positive_moderate,0.8012930189752607,0.02762880486736015,0.7983160153930584,20,1.0,1.0,False,False
no_negative_expanded,random,DEXCHLORPHENIRAMINE,1,positive_moderate,0.798155593502405,0.022244198263870425,0.7971453458645177,20,1.0,1.0,False,False
no_negative_expanded,random,METAMIZOLE,1,positive_moderate,0.7943646958490974,0.019191127236406647,0.8002645266484678,20,1.0,1.0,False,False
no_negative_expanded,random,POMALIDOMIDE,0,negative_high,0.7894241692849071,0.023095673175460758,0.7903096328423636,20,1.0,1.0,True,False
no_negative_expanded,random,PACLITAXEL,1,positive_high,0.7888621843889589,0.025712944388401254,0.7936842184962345,20,1.0,1.0,False,False
no_negative_expanded,random,CEFTRIAXONE,1,positive_high,0.7839238901496136,0.029082691294818698,0.786596282327553,20,1.0,1.0,False,False
no_negative_expanded,random,ETOPOSIDE,1,positive_moderate,0.7829415116160615,0.025121591293158867,0.7925775557656709,20,1.0,1.0,False,False
no_negative_expanded,random,SUFENTANIL,1,positive_moderate,0.7784247473378111,0.03250429456779562,0.7813180885126776,20,1.0,1.0,False,False
no_negative_expanded,random,VINBLASTINE,1,positive_moderate,0.7643925745919742,0.030481491913635403,0.7656581089697404,20,1.0,1.0,False,False
no_negative_expanded,random,VINCRISTINE,1,positive_moderate,0.7636953483863621,0.03290175338086922,0.760382141994109,20,1.0,1.0,False,False
no_negative_expanded,random,FLUDARABINE,1,positive_moderate,0.7627974596028407,0.015464566250394713,0.7628312159620049,20,1.0,0.95,False,False
no_negative_expanded,random,APREMILAST,0,negative_moderate,0.7557098946158388,0.016674049873751918,0.751169730918253,20,1.0,0.95,True,False
no_negative_expanded,random,ALPRAZOLAM,0,negative_moderate,0.7445326731431352,0.02549502188245718,0.7422948565383739,20,1.0,1.0,True,False
no_negative_expanded,random,DOXORUBICIN,1,positive_moderate,0.7390790766202011,0.031553991674778195,0.7417786689328745,20,1.0,0.9,False,False
no_negative_expanded,random,RELUGOLIX,0,negative_high,0.7244557469742806,0.022254609046086535,0.7186791740352358,20,1.0,0.85,True,False
no_negative_expanded,random,PALBOCICLIB,0,negative_high,0.7228951002515515,0.020957547918520843,0.7242065757160262,20,1.0,0.9,True,False
no_negative_expanded,random,DROPERIDOL,1,positive_moderate,0.7128967246133031,0.017362655446084625,0.709423353210249,20,1.0,0.85,False,False
no_negative_expanded,random,CABOZANTINIB,0,negative_high,0.7088882004545838,0.03581531161857772,0.69410647761801,20,1.0,0.6,True,False
no_negative_expanded,random,ONDANSETRON,1,positive_high,0.7068110222880734,0.026866502937210227,0.7071680863892067,20,1.0,0.8,False,False
no_negative_expanded,random,PIMAVANSERIN,0,negative_high,0.7067018595260885,0.02824720812115334,0.7045326244167907,20,1.0,0.65,True,False
no_negative_expanded,random,APREPITANT,1,positive_moderate,0.7005048083485581,0.023396608509235743,0.6942605226002954,20,1.0,0.8,False,False
no_negative_expanded,random,IBRUTINIB,0,negative_moderate,0.6876384256405529,0.027979024021034256,0.6945519463911876,20,1.0,0.45,True,False
no_negative_expanded,random,NEMTABRUTINIB,1,positive_moderate,0.6756676950258009,0.04565774247411992,0.6728235645583605,20,1.0,0.4,False,False
no_negative_expanded,random,QUETIAPINE,0,negative_moderate,0.6691037272910061,0.05198853768354941,0.6509950516035474,20,1.0,0.3,True,False
no_negative_expanded,random,ABEMACICLIB,0,negative_moderate,0.6601145992106402,0.02803649383398514,0.6649456471798905,20,1.0,0.3,True,False
no_negative_expanded,random,ENCORAFENIB,1,positive_moderate,0.6482249262495701,0.032794769757178786,0.6453634466047785,20,1.0,0.2,False,False
no_negative_expanded,random,OLANZAPINE,0,negative_moderate,0.5292125736525974,0.07440758358065161,0.4985863016792154,20,0.45,0.0,False,False
no_negative_expanded,random,CLOZAPINE,0,negative_high,0.5211589592364565,0.07405394802823283,0.49415766654207227,20,0.45,0.0,False,False
no_negative_expanded,random,MIDAZOLAM,1,positive_moderate,0.5161606846999309,0.053979781588361274,0.5080493122388335,20,0.6,0.05,False,False
no_negative_expanded,scaffold,TECFIDERA,1,positive_moderate,0.9369368613293425,0.023214121793969294,0.9423929757347584,20,1.0,1.0,False,False
no_negative_expanded,scaffold,SUCCINYLCHOLINE,1,positive_moderate,0.9369365880288693,0.015150558873686989,0.9414130194200476,19,1.0,1.0,False,False
no_negative_expanded,scaffold,GABAPENTIN,1,positive_moderate,0.9280554411703896,0.016583460632028073,0.9335703766330978,20,1.0,1.0,False,False
no_negative_expanded,scaffold,TRANEXAMIC ACID,1,positive_moderate,0.9256346444859405,0.021515349451285592,0.9273258969296339,20,1.0,1.0,False,False
no_negative_expanded,scaffold,HYDROCORTISONE,1,positive_moderate,0.9042086528167668,0.018464100303861346,0.9058122393533303,20,1.0,1.0,False,False
no_negative_expanded,scaffold,ISOSORBIDE DINITRATE,1,positive_moderate,0.900710871453426,0.026531291188336727,0.8986741756884277,20,1.0,1.0,False,False
no_negative_expanded,scaffold,TREOSULFAN,1,positive_moderate,0.8947740560845208,0.018235608292828515,0.8990964590831698,19,1.0,1.0,False,False
no_negative_expanded,scaffold,AMOXICILLIN,1,positive_high,0.8945138683177503,0.01843856339714033,0.8917928057127998,20,1.0,1.0,False,False
no_negative_expanded,scaffold,BUDESONIDE,1,positive_moderate,0.8895758894430342,0.02572985291130358,0.8926164002105129,20,1.0,1.0,False,False
no_negative_expanded,scaffold,LABETALOL,1,positive_moderate,0.8824271520057011,0.021026783371609795,0.8796748143287093,19,1.0,1.0,False,False
no_negative_expanded,scaffold,SEVOFLURANE,1,positive_moderate,0.8823252690912959,0.03145328207304787,0.8885739421045191,20,1.0,1.0,False,False
no_negative_expanded,scaffold,IOPAMIDOL,1,positive_moderate,0.8791383977344422,0.02601570693313374,0.8756566796064718,20,1.0,1.0,False,False
no_negative_expanded,scaffold,GLYCOPYRROLATE,1,positive_moderate,0.8762109376899154,0.03054716460416908,0.8824303999059022,19,1.0,1.0,False,False
no_negative_expanded,scaffold,METHYLPREDNISOLONE,1,positive_moderate,0.8755999919583809,0.0185816396242823,0.874404897367468,19,1.0,1.0,False,False
no_negative_expanded,scaffold,MELPHALAN,1,positive_moderate,0.8702035719608835,0.020274407927455544,0.8689595042066178,20,1.0,1.0,False,False
no_negative_expanded,scaffold,IOPROMIDE,1,positive_high,0.8694015992549311,0.028116947950054656,0.8661724637917265,20,1.0,1.0,False,False
no_negative_expanded,scaffold,ZOLEDRONIC ACID,1,positive_moderate,0.8689666149120013,0.03336251737644372,0.8674444270497693,19,1.0,1.0,False,False
no_negative_expanded,scaffold,DEXAMETHASONE,1,positive_high,0.8685856908801165,0.019434391219457687,0.8685193257793584,19,1.0,1.0,False,False
no_negative_expanded,scaffold,ROCURONIUM,1,positive_high,0.8641476414474679,0.023744267134994397,0.8676750012806536,20,1.0,1.0,False,False
no_negative_expanded,scaffold,DEXAMETHASONE ACETATE,1,positive_moderate,0.8641249506873772,0.01985647689473263,0.8653910866689706,19,1.0,1.0,False,False
no_negative_expanded,scaffold,AZITHROMYCIN,1,positive_moderate,0.8611769230065621,0.021827553706362374,0.8588108202190384,19,1.0,1.0,False,False
no_negative_expanded,scaffold,CHLORHEXIDINE GLUCONATE,1,positive_moderate,0.8606632014649899,0.028535911138308064,0.8562602038327867,20,1.0,1.0,False,False
no_negative_expanded,scaffold,CYCLOPHOSPHAMIDE,1,positive_moderate,0.8594125343050376,0.026673656610210587,0.8687887199508384,19,1.0,1.0,False,False
no_negative_expanded,scaffold,CYTARABINE,1,positive_moderate,0.8566209208807365,0.02945168704609755,0.8588713422374795,19,1.0,1.0,False,False
no_negative_expanded,scaffold,FAMOTIDINE,1,positive_moderate,0.8566010824740842,0.01726509201278243,0.8520979141880021,20,1.0,1.0,False,False
no_negative_expanded,scaffold,DICLOFENAC,1,positive_high,0.8534927637244175,0.03160269485508753,0.8573379392161529,20,1.0,1.0,False,False
no_negative_expanded,scaffold,AZATHIOPRINE,0,negative_moderate,0.8495572943134275,0.019634432932004106,0.8475802800109857,20,1.0,1.0,True,False
no_negative_expanded,scaffold,TREPROSTINIL,0,negative_moderate,0.8475062750383275,0.033494604605356235,0.8456272724116682,20,1.0,1.0,True,False
no_negative_expanded,scaffold,CEFUROXIME,1,positive_high,0.8459826733149383,0.01930233201197614,0.8450507308648225,19,1.0,1.0,False,False
no_negative_expanded,scaffold,ALBUTEROL,1,positive_moderate,0.8438469123167373,0.02314108032276683,0.8406739614575028,20,1.0,1.0,False,False
no_negative_expanded,scaffold,DIPHENHYDRAMINE,1,positive_moderate,0.8434619687039423,0.030299728996184674,0.8474568024060734,18,1.0,1.0,False,False
no_negative_expanded,scaffold,EPHEDRINE,1,positive_moderate,0.8415633653209165,0.01874581878331918,0.8424752772746811,20,1.0,1.0,False,False
no_negative_expanded,scaffold,BENDAMUSTINE,1,positive_moderate,0.8406026997634849,0.020409920280143944,0.8404079892190283,19,1.0,1.0,False,False
no_negative_expanded,scaffold,NAPROXEN,1,positive_moderate,0.8371040139623033,0.032093827211793866,0.8336085599763622,18,1.0,1.0,False,False
no_negative_expanded,scaffold,REMIFENTANIL,1,positive_moderate,0.8305056901247184,0.02137392381798885,0.8357010542991028,20,1.0,1.0,False,False
no_negative_expanded,scaffold,IFOSFAMIDE,1,positive_moderate,0.8265482581229667,0.02272797465606609,0.829845340421453,19,1.0,1.0,False,False
no_negative_expanded,scaffold,KETAMINE,1,positive_moderate,0.8246651739699893,0.029380686231446174,0.8235859366590903,19,1.0,1.0,False,False
no_negative_expanded,scaffold,CEFAZOLIN,1,positive_moderate,0.8193208180756516,0.02784046822280771,0.819119696530712,19,1.0,1.0,False,False
no_negative_expanded,scaffold,LIDOCAINE,1,positive_high,0.8139986303487854,0.03722284484225589,0.8127497900321834,20,1.0,1.0,False,False
no_negative_expanded,scaffold,BORTEZOMIB,1,positive_moderate,0.8128001796642481,0.03839487267318371,0.8132110266521815,19,1.0,1.0,False,False
no_negative_expanded,scaffold,PROPOFOL,1,positive_high,0.8098352770859402,0.0272963924826227,0.8067643762991608,20,1.0,1.0,False,False
no_negative_expanded,scaffold,MORPHINE,1,positive_moderate,0.8059529285569116,0.03092610390293289,0.8058448450970691,20,1.0,1.0,False,False
no_negative_expanded,scaffold,LEVOLEUCOVORIN,1,positive_moderate,0.8055379518446724,0.025550628102377106,0.8018159821991129,19,1.0,1.0,False,False
no_negative_expanded,scaffold,ACETAMINOPHEN,1,positive_high,0.801044346226891,0.03786456180893858,0.7923235950697622,20,1.0,1.0,False,False
no_negative_expanded,scaffold,POMALIDOMIDE,0,negative_high,0.7930717247130834,0.030863976526799397,0.7879298002586776,20,1.0,1.0,True,False
no_negative_expanded,scaffold,ETOPOSIDE,1,positive_moderate,0.7897594156660794,0.037822722069122426,0.7853698094893138,19,1.0,1.0,False,False
no_negative_expanded,scaffold,DEXCHLORPHENIRAMINE,1,positive_moderate,0.7882749552949918,0.03144593811372168,0.7866762060654671,20,1.0,1.0,False,False
no_negative_expanded,scaffold,PACLITAXEL,1,positive_high,0.7869543000840499,0.02166693795394108,0.7886976457099959,20,1.0,1.0,False,False
no_negative_expanded,scaffold,HYDROMORPHONE,1,positive_moderate,0.7867911231061699,0.024453266591910248,0.7860916287329633,20,1.0,1.0,False,False
no_negative_expanded,scaffold,METAMIZOLE,1,positive_moderate,0.7820862882114951,0.023457183160906298,0.7853724671848541,20,1.0,1.0,False,False
no_negative_expanded,scaffold,CEFTRIAXONE,1,positive_high,0.7769397744554366,0.028614007658772596,0.7798513138506731,19,1.0,1.0,False,False
no_negative_expanded,scaffold,APREMILAST,0,negative_moderate,0.7710251730545029,0.041605594994156905,0.7795251865327713,20,1.0,0.9,True,False
no_negative_expanded,scaffold,SUFENTANIL,1,positive_moderate,0.7678001152094753,0.031147581891464243,0.7724154163868244,20,1.0,1.0,False,False
no_negative_expanded,scaffold,FLUDARABINE,1,positive_moderate,0.7557542381919584,0.020391022645952536,0.7513794169262623,19,1.0,1.0,False,False
no_negative_expanded,scaffold,RELUGOLIX,0,negative_high,0.7546062464462066,0.040947794313926845,0.7484846901173787,20,1.0,0.9,True,False
no_negative_expanded,scaffold,ALPRAZOLAM,0,negative_moderate,0.7520840228853855,0.03726240629490194,0.7483450387165332,20,1.0,1.0,True,False
no_negative_expanded,scaffold,VINCRISTINE,1,positive_moderate,0.7459620989175743,0.03730163603630387,0.7481838718247034,18,1.0,1.0,False,False
no_negative_expanded,scaffold,VINBLASTINE,1,positive_moderate,0.7414427311334149,0.036848019805235624,0.7445236050852552,18,1.0,1.0,False,False
no_negative_expanded,scaffold,DOXORUBICIN,1,positive_moderate,0.7334045026432598,0.031166607992729037,0.7311173268036049,20,1.0,0.95,False,False
no_negative_expanded,scaffold,PALBOCICLIB,0,negative_high,0.731890147837222,0.03634838109366559,0.7214687425633943,20,1.0,1.0,True,False
no_negative_expanded,scaffold,DROPERIDOL,1,positive_moderate,0.7294242539189486,0.03226851777837655,0.7264343789239589,20,1.0,0.9,False,False
no_negative_expanded,scaffold,CABOZANTINIB,0,negative_high,0.7284145955905459,0.03953803678949542,0.7183246425357501,20,1.0,0.85,True,False
no_negative_expanded,scaffold,ONDANSETRON,1,positive_high,0.7230456604925478,0.04741557275169952,0.7369582032952093,20,1.0,0.95,False,False
no_negative_expanded,scaffold,IBRUTINIB,0,negative_moderate,0.7099700429797122,0.049991322838239906,0.7193140358120717,20,1.0,0.45,True,False
no_negative_expanded,scaffold,PIMAVANSERIN,0,negative_high,0.7066588685899429,0.04660821418326553,0.7131650362885136,20,1.0,0.6,True,False
no_negative_expanded,scaffold,APREPITANT,1,positive_moderate,0.7001730648995735,0.03899341149946178,0.6899606218875745,20,1.0,0.85,False,False
no_negative_expanded,scaffold,ABEMACICLIB,0,negative_moderate,0.6918552608143851,0.03960560503606824,0.6978465905734406,20,1.0,0.45,True,False
no_negative_expanded,scaffold,NEMTABRUTINIB,1,positive_moderate,0.6640297529584757,0.05502878505598177,0.6623339125759189,19,1.0,0.3157894736842105,False,False
no_negative_expanded,scaffold,ENCORAFENIB,1,positive_moderate,0.6553303479658693,0.04831791152012729,0.6460508075251497,20,1.0,0.2,False,False
no_negative_expanded,scaffold,QUETIAPINE,0,negative_moderate,0.6378326121470304,0.028733437641818897,0.640046699266993,20,1.0,0.1,True,False
no_negative_expanded,scaffold,MIDAZOLAM,1,positive_moderate,0.5175700871760874,0.04386710367239549,0.5174332999888136,19,0.631578947368421,0.0,False,False
no_negative_expanded,scaffold,OLANZAPINE,0,negative_moderate,0.496249485207737,0.03146035790775576,0.49569918458965634,20,0.4,0.0,False,False
no_negative_expanded,scaffold,CLOZAPINE,0,negative_high,0.4747021508975774,0.03666810056431598,0.4720723738208628,20,0.35,0.0,False,False
positive_high_vs_all_negative,random,CEFUROXIME,1,positive_high,0.41540669281766585,0.05854246453413893,0.4422121967652316,20,0.0,0.8,False,False
positive_high_vs_all_negative,random,AMOXICILLIN,1,positive_high,0.3361566737894669,0.02501193002779116,0.3383956032684233,20,0.0,0.3,False,True
positive_high_vs_all_negative,random,CEFTRIAXONE,1,positive_high,0.31620302676540135,0.05290422915689926,0.33560096394225325,20,0.0,0.0,False,True
positive_high_vs_all_negative,random,LIDOCAINE,1,positive_high,0.3111071982718036,0.032251519488208695,0.3054962797099109,20,0.0,0.1,False,True
positive_high_vs_all_negative,random,SPIRONOLACTONE,0,negative_expanded,0.3030060572910608,0.03497663096686432,0.31023390146033547,20,0.0,0.0,False,False
positive_high_vs_all_negative,random,APREMILAST,0,negative_moderate,0.29988432995352327,0.022188882966662913,0.30070872466427134,20,0.0,0.0,False,False
positive_high_vs_all_negative,random,TREPROSTINIL,0,negative_moderate,0.29459829848683233,0.0249962770744647,0.29229840048307176,20,0.0,0.0,False,False
positive_high_vs_all_negative,random,ISOTRETINOIN,0,negative_expanded,0.29366545970057445,0.025535016420141055,0.2880249613594937,20,0.0,0.05,False,False
positive_high_vs_all_negative,random,ACETAMINOPHEN,1,positive_high,0.2901112796759426,0.033476364042214435,0.2951750855687546,20,0.0,0.05,False,True
positive_high_vs_all_negative,random,DEXAMETHASONE,1,positive_high,0.2872263461724366,0.019249252249505234,0.28991981228390207,20,0.0,0.0,False,True
positive_high_vs_all_negative,random,CHOLECALCIFEROL,0,negative_expanded,0.28545565959484265,0.040793131511788795,0.28068102536076467,20,0.0,0.05,False,False
positive_high_vs_all_negative,random,IOPROMIDE,1,positive_high,0.2842822166332703,0.02900808727228862,0.2833688263353922,20,0.0,0.0,False,True
positive_high_vs_all_negative,random,MESALAMINE,0,negative_expanded,0.27979989398151495,0.029109954880611168,0.2795520275438691,20,0.0,0.0,False,False
positive_high_vs_all_negative,random,PACLITAXEL,1,positive_high,0.2730075639954754,0.03163442743109181,0.2770801615008607,20,0.0,0.0,False,True
positive_high_vs_all_negative,random,LEVONORGESTREL,0,negative_expanded,0.2690563671219619,0.03724046660510966,0.27215457034451973,20,0.0,0.0,False,False
positive_high_vs_all_negative,random,PSEUDOEPHEDRINE,0,negative_expanded,0.2681884163475403,0.03494252511934118,0.2792226668874325,20,0.0,0.0,False,False
positive_high_vs_all_negative,random,RELUGOLIX,0,negative_high,0.267919813029486,0.02339839822290026,0.26858541227996874,20,0.0,0.0,False,False
positive_high_vs_all_negative,random,LACOSAMIDE,0,negative_expanded,0.26550796888999806,0.029942021069331224,0.26379644876896746,20,0.0,0.0,False,False
positive_high_vs_all_negative,random,AZACITIDINE,0,negative_expanded,0.2625615299377426,0.022538890815724254,0.25886945398254657,20,0.0,0.0,False,False
positive_high_vs_all_negative,random,COCAINE,0,negative_expanded,0.2574115076388213,0.034532782485391114,0.26574244731187385,20,0.0,0.0,False,False
positive_high_vs_all_negative,random,ERGOCALCIFEROL,0,negative_expanded,0.25722265031905434,0.049867188621819526,0.2546313091554686,20,0.0,0.05,False,False
positive_high_vs_all_negative,random,CLOPIDOGREL,0,negative_expanded,0.24477650631643674,0.017797906778474606,0.24422242556320406,20,0.0,0.0,False,False
positive_high_vs_all_negative,random,TROFINETIDE,0,negative_expanded,0.2446498195024179,0.029769481404090678,0.23941707504932036,20,0.0,0.0,False,False
positive_high_vs_all_negative,random,ROCURONIUM,1,positive_high,0.24008022023951958,0.021846715921460667,0.23443704083317402,20,0.0,0.0,False,True
positive_high_vs_all_negative,random,PALBOCICLIB,0,negative_high,0.235692166047766,0.024378710397955083,0.2365432153798066,20,0.0,0.0,False,False
positive_high_vs_all_negative,random,POMALIDOMIDE,0,negative_high,0.23310834411468426,0.03392642829299168,0.23044461425406854,20,0.0,0.0,False,False
positive_high_vs_all_negative,random,LISDEXAMFETAMINE,0,negative_expanded,0.23273782180478125,0.030496017058176093,0.2278111928241009,20,0.0,0.0,False,False
positive_high_vs_all_negative,random,FENFLURAMINE,0,negative_expanded,0.23016113971760538,0.030602220472848933,0.23438522393490144,20,0.0,0.0,False,False
positive_high_vs_all_negative,random,DICLOFENAC,1,positive_high,0.2281499997866691,0.017695438188672682,0.22941608871383645,20,0.0,0.0,False,True
positive_high_vs_all_negative,random,VENLAFAXINE,0,negative_expanded,0.22788831517940905,0.025506835576574224,0.2336818167781523,20,0.0,0.0,False,False
positive_high_vs_all_negative,random,OSIMERTINIB,0,negative_expanded,0.21951375869730655,0.023331453115564883,0.2150815005432355,20,0.0,0.0,False,False
positive_high_vs_all_negative,random,METHAMPHETAMINE,0,negative_expanded,0.21809272034188787,0.03018840703129465,0.2160282101195617,20,0.0,0.0,False,False
positive_high_vs_all_negative,random,AZATHIOPRINE,0,negative_moderate,0.21420372878447336,0.025002401417680432,0.21222051016909216,20,0.0,0.0,False,False
positive_high_vs_all_negative,random,CABOZANTINIB,0,negative_high,0.2079315417545923,0.023648098217161937,0.21101238529823207,20,0.0,0.0,False,False
positive_high_vs_all_negative,random,NINTEDANIB,0,negative_expanded,0.20736141718369727,0.015810040523849152,0.20540126537361392,20,0.0,0.0,False,False
positive_high_vs_all_negative,random,VENETOCLAX,0,negative_expanded,0.2069709180162945,0.0290300626637804,0.206873536289745,20,0.0,0.0,False,False
positive_high_vs_all_negative,random,AMBRISENTAN,0,negative_expanded,0.20629007446075237,0.028887236531298394,0.2034551143413173,20,0.0,0.0,False,False
positive_high_vs_all_negative,random,PIMAVANSERIN,0,negative_high,0.20488691135139928,0.017599300438663007,0.20338739981728732,20,0.0,0.0,False,False
positive_high_vs_all_negative,random,LETROZOLE,0,negative_expanded,0.20481159416915623,0.030318535102711614,0.21225520928545014,20,0.0,0.0,False,False
positive_high_vs_all_negative,random,ADAPALENE,0,negative_expanded,0.19983614697837856,0.028247105160351487,0.1989271335145909,20,0.0,0.0,False,False
positive_high_vs_all_negative,random,CANDESARTAN,0,negative_expanded,0.19624472683657204,0.01969606853609142,0.1934791295193672,20,0.0,0.0,False,False
positive_high_vs_all_negative,random,TAFAMIDIS,0,negative_expanded,0.19350598052509072,0.021439114651878907,0.1952003665288201,20,0.0,0.0,False,False
positive_high_vs_all_negative,random,PROPOFOL,1,positive_high,0.1929811343052181,0.023833811155764148,0.1914996469136896,20,0.0,0.0,False,True
positive_high_vs_all_negative,random,RIOCIGUAT,0,negative_expanded,0.19162664525696615,0.030259273056725478,0.19135238871688603,20,0.0,0.0,False,False
positive_high_vs_all_negative,random,LORAZEPAM,0,negative_expanded,0.19109355234595918,0.020161762077384803,0.19084574151682127,20,0.0,0.0,False,False
positive_high_vs_all_negative,random,MACITENTAN,0,negative_expanded,0.190270334680478,0.02366380386209243,0.1980847293490184,20,0.0,0.0,False,False
positive_high_vs_all_negative,random,SPARSENTAN,0,negative_expanded,0.18646071313970536,0.015593835777436735,0.18406406322796617,20,0.0,0.0,False,False
positive_high_vs_all_negative,random,RISPERIDONE,0,negative_expanded,0.17837882295300028,0.032659362730266865,0.179531115679804,20,0.0,0.0,False,False
positive_high_vs_all_negative,random,HYDROCHLOROTHIAZIDE,0,negative_expanded,0.17656544933397506,0.01726508655675105,0.17676618430728047,20,0.0,0.0,False,False
positive_high_vs_all_negative,random,QUETIAPINE,0,negative_moderate,0.17229552293958597,0.02387726657582836,0.17326683514800895,20,0.0,0.0,False,False
positive_high_vs_all_negative,random,IBRUTINIB,0,negative_moderate,0.17179693060822415,0.020526174774241332,0.16832835611194108,20,0.0,0.0,False,False
positive_high_vs_all_negative,random,FLUCONAZOLE,0,negative_expanded,0.16423981075800767,0.025168504387021992,0.16664318135065406,20,0.0,0.0,False,False
positive_high_vs_all_negative,random,MIRTAZAPINE,0,negative_expanded,0.16124819821877784,0.033346085134450726,0.17595799775451576,20,0.0,0.0,False,False
positive_high_vs_all_negative,random,ARIPIPRAZOLE,0,negative_expanded,0.15528333132935185,0.02445031843828795,0.15001963251797873,20,0.0,0.0,False,False
positive_high_vs_all_negative,random,ALPRAZOLAM,0,negative_moderate,0.14875295863194804,0.024026884934397273,0.15318926558626267,20,0.0,0.0,False,False
positive_high_vs_all_negative,random,ONDANSETRON,1,positive_high,0.14849769099313243,0.01700421031050476,0.1467404855029653,20,0.0,0.0,False,True
positive_high_vs_all_negative,random,ABEMACICLIB,0,negative_moderate,0.13530634104232128,0.019390407779590158,0.137729228508708,20,0.0,0.0,False,False
positive_high_vs_all_negative,random,OLANZAPINE,0,negative_moderate,0.12556819297278965,0.023747391301481707,0.12155773654571198,20,0.0,0.0,False,False
positive_high_vs_all_negative,random,CLOZAPINE,0,negative_high,0.09144451291376114,0.017409886070237798,0.09086983931115034,20,0.0,0.0,False,False
positive_high_vs_all_negative,scaffold,CEFUROXIME,1,positive_high,0.4223733266237323,0.04293133149289272,0.4268537748583505,20,0.0,0.8,False,False
positive_high_vs_all_negative,scaffold,CEFTRIAXONE,1,positive_high,0.34382440379190393,0.04095192353739139,0.34747277159175305,20,0.0,0.45,False,True
positive_high_vs_all_negative,scaffold,AMOXICILLIN,1,positive_high,0.32346220411048604,0.06471715560959539,0.3309927147087993,20,0.0,0.2,False,True
positive_high_vs_all_negative,scaffold,CHOLECALCIFEROL,0,negative_expanded,0.3234118420699869,0.030710650685547295,0.32714857405039266,19,0.0,0.05263157894736842,False,False
positive_high_vs_all_negative,scaffold,ISOTRETINOIN,0,negative_expanded,0.31648063067158705,0.04370147917466373,0.3302650373775788,19,0.0,0.0,False,False
positive_high_vs_all_negative,scaffold,ERGOCALCIFEROL,0,negative_expanded,0.31262286536466943,0.02854927612544376,0.31907857060028044,19,0.0,0.0,False,False
positive_high_vs_all_negative,scaffold,APREMILAST,0,negative_moderate,0.30185351573963703,0.047500603404689756,0.31632990827120416,20,0.0,0.0,False,False
positive_high_vs_all_negative,scaffold,LEVONORGESTREL,0,negative_expanded,0.28809564477597494,0.05002394542424594,0.2813107767295117,20,0.0,0.0,False,False
positive_high_vs_all_negative,scaffold,SPIRONOLACTONE,0,negative_expanded,0.2841979046347064,0.06334070869474973,0.27176550356026535,19,0.0,0.05263157894736842,False,False
positive_high_vs_all_negative,scaffold,AZACITIDINE,0,negative_expanded,0.2692600972631546,0.046445456827402844,0.2723317612361126,20,0.0,0.0,False,False
positive_high_vs_all_negative,scaffold,COCAINE,0,negative_expanded,0.2685448221621723,0.040537649729106444,0.28174725459914485,19,0.0,0.0,False,False
positive_high_vs_all_negative,scaffold,TROFINETIDE,0,negative_expanded,0.26425517537376436,0.044495108053620856,0.2724201834971002,18,0.0,0.0,False,False
positive_high_vs_all_negative,scaffold,PACLITAXEL,1,positive_high,0.2589989939595205,0.04377935231627574,0.24925906751413535,20,0.0,0.0,False,True
positive_high_vs_all_negative,scaffold,PALBOCICLIB,0,negative_high,0.2532755971253295,0.03519591065325955,0.25707198738171166,19,0.0,0.0,False,False
positive_high_vs_all_negative,scaffold,RELUGOLIX,0,negative_high,0.25121494001269573,0.06140850051509504,0.27660638046309294,20,0.0,0.0,False,False
positive_high_vs_all_negative,scaffold,DEXAMETHASONE,1,positive_high,0.24758361777129928,0.03299175217936245,0.25010878606794223,20,0.0,0.0,False,True
positive_high_vs_all_negative,scaffold,AZATHIOPRINE,0,negative_moderate,0.23059362642648423,0.04124398547293224,0.23615060784386316,18,0.0,0.0,False,False
positive_high_vs_all_negative,scaffold,TREPROSTINIL,0,negative_moderate,0.2295814624784161,0.05818101097219744,0.20846607000100348,18,0.0,0.0,False,False
positive_high_vs_all_negative,scaffold,CLOPIDOGREL,0,negative_expanded,0.22851458838857622,0.040895862931861614,0.22899750113643466,19,0.0,0.0,False,False
positive_high_vs_all_negative,scaffold,POMALIDOMIDE,0,negative_high,0.2284497185326993,0.04957981103171805,0.2354655644023348,20,0.0,0.0,False,False
positive_high_vs_all_negative,scaffold,OSIMERTINIB,0,negative_expanded,0.2275251319372045,0.04674632748805481,0.22895457101577707,15,0.0,0.0,False,False
positive_high_vs_all_negative,scaffold,VENETOCLAX,0,negative_expanded,0.2231898650317598,0.031168647919005223,0.23592027223121473,20,0.0,0.0,False,False
positive_high_vs_all_negative,scaffold,MACITENTAN,0,negative_expanded,0.21759686090484132,0.026615180171406974,0.22649651807787985,19,0.0,0.0,False,False
positive_high_vs_all_negative,scaffold,DICLOFENAC,1,positive_high,0.21733231181930618,0.03674405624312678,0.2269227349318597,20,0.0,0.0,False,True
positive_high_vs_all_negative,scaffold,LETROZOLE,0,negative_expanded,0.209352567589792,0.030343389000682612,0.21757279736612173,15,0.0,0.0,False,False
positive_high_vs_all_negative,scaffold,ROCURONIUM,1,positive_high,0.20909549569196884,0.02875152193673225,0.2073209702207933,20,0.0,0.0,False,True
positive_high_vs_all_negative,scaffold,PIMAVANSERIN,0,negative_high,0.20816743855924882,0.030009192346151254,0.20861719937211975,19,0.0,0.0,False,False
positive_high_vs_all_negative,scaffold,RIOCIGUAT,0,negative_expanded,0.20746233454680124,0.03049512900213337,0.21127205100987012,16,0.0,0.0,False,False
positive_high_vs_all_negative,scaffold,TAFAMIDIS,0,negative_expanded,0.20399868498973261,0.032282140981755636,0.20371277725218434,19,0.0,0.0,False,False
positive_high_vs_all_negative,scaffold,NINTEDANIB,0,negative_expanded,0.20265385368928945,0.03144878266944868,0.21664400354858848,20,0.0,0.0,False,False
positive_high_vs_all_negative,scaffold,LACOSAMIDE,0,negative_expanded,0.1965514853253308,0.028512974554803807,0.19989511720270187,20,0.0,0.0,False,False
positive_high_vs_all_negative,scaffold,ADAPALENE,0,negative_expanded,0.19575378350550765,0.04067366886416213,0.2004585261036609,20,0.0,0.0,False,False
positive_high_vs_all_negative,scaffold,LORAZEPAM,0,negative_expanded,0.19437034329019648,0.028489793250982116,0.1886874351386855,19,0.0,0.0,False,False
positive_high_vs_all_negative,scaffold,HYDROCHLOROTHIAZIDE,0,negative_expanded,0.19228302045653733,0.03693845086058464,0.1830912090235445,19,0.0,0.0,False,False
positive_high_vs_all_negative,scaffold,RISPERIDONE,0,negative_expanded,0.19109639096831774,0.026917372366841764,0.1966054430619748,20,0.0,0.0,False,False
positive_high_vs_all_negative,scaffold,CABOZANTINIB,0,negative_high,0.18724776875132002,0.05193156736148916,0.18426622013000943,19,0.0,0.0,False,False
positive_high_vs_all_negative,scaffold,CANDESARTAN,0,negative_expanded,0.18695579004813637,0.033321672709433245,0.18484939527678904,19,0.0,0.0,False,False
positive_high_vs_all_negative,scaffold,LISDEXAMFETAMINE,0,negative_expanded,0.18603370302494224,0.03014325133408263,0.19004996433556975,20,0.0,0.0,False,False
positive_high_vs_all_negative,scaffold,VENLAFAXINE,0,negative_expanded,0.18542083661989445,0.06309634091965262,0.18833320144902102,20,0.0,0.0,False,False
positive_high_vs_all_negative,scaffold,SPARSENTAN,0,negative_expanded,0.1828407011529443,0.030424656579481624,0.1802725339527019,19,0.0,0.0,False,False
positive_high_vs_all_negative,scaffold,AMBRISENTAN,0,negative_expanded,0.182155609708891,0.04657259881974001,0.18611622338814557,17,0.0,0.0,False,False
positive_high_vs_all_negative,scaffold,ACETAMINOPHEN,1,positive_high,0.177371008473458,0.031924083172337074,0.1745768445697478,20,0.0,0.0,False,True
positive_high_vs_all_negative,scaffold,IBRUTINIB,0,negative_moderate,0.17594727758298878,0.028497618799234854,0.18166797088960032,19,0.0,0.0,False,False
positive_high_vs_all_negative,scaffold,ALPRAZOLAM,0,negative_moderate,0.17337696470452468,0.02778090635561122,0.17740481580482306,19,0.0,0.0,False,False
positive_high_vs_all_negative,scaffold,QUETIAPINE,0,negative_moderate,0.1708459391184452,0.023754161038348372,0.16479558683199444,15,0.0,0.0,False,False
positive_high_vs_all_negative,scaffold,MIRTAZAPINE,0,negative_expanded,0.17058610786388875,0.03783696727682806,0.1785836578716117,19,0.0,0.0,False,False
positive_high_vs_all_negative,scaffold,PSEUDOEPHEDRINE,0,negative_expanded,0.17054421104024436,0.029076105634184536,0.1744804591266133,20,0.0,0.0,False,False
positive_high_vs_all_negative,scaffold,ARIPIPRAZOLE,0,negative_expanded,0.1702292362128921,0.027980741007605368,0.17607941080430656,19,0.0,0.0,False,False
positive_high_vs_all_negative,scaffold,LIDOCAINE,1,positive_high,0.1680206051636032,0.02932457922135708,0.16436820276588077,20,0.0,0.0,False,True
positive_high_vs_all_negative,scaffold,METHAMPHETAMINE,0,negative_expanded,0.16523436670008412,0.030683627065673853,0.1655979549401621,20,0.0,0.0,False,False
positive_high_vs_all_negative,scaffold,MESALAMINE,0,negative_expanded,0.16132925287993077,0.029533410241425834,0.1646881515726318,20,0.0,0.0,False,False
positive_high_vs_all_negative,scaffold,IOPROMIDE,1,positive_high,0.1589738805163749,0.02715062105807594,0.1543285271669929,20,0.0,0.0,False,True
positive_high_vs_all_negative,scaffold,FLUCONAZOLE,0,negative_expanded,0.14230908606531376,0.04519857846319945,0.15415326441655997,19,0.0,0.0,False,False
positive_high_vs_all_negative,scaffold,ONDANSETRON,1,positive_high,0.13208834636849368,0.030371052036424935,0.128037508768887,20,0.0,0.0,False,True
positive_high_vs_all_negative,scaffold,PROPOFOL,1,positive_high,0.1253777083972227,0.023858744638849766,0.12186641657020211,20,0.0,0.0,False,True
positive_high_vs_all_negative,scaffold,FENFLURAMINE,0,negative_expanded,0.12478111781830785,0.02381844096874057,0.12409692619097343,20,0.0,0.0,False,False
positive_high_vs_all_negative,scaffold,OLANZAPINE,0,negative_moderate,0.11564557732977301,0.021971189531811205,0.11488814124362676,16,0.0,0.0,False,False
positive_high_vs_all_negative,scaffold,ABEMACICLIB,0,negative_moderate,0.10443576574758993,0.026490898610996037,0.10559734353011754,19,0.0,0.0,False,False
positive_high_vs_all_negative,scaffold,CLOZAPINE,0,negative_high,0.08905739101479393,0.01540568856310106,0.09190111214888261,20,0.0,0.0,False,False
strict_high_confidence,random,CEFUROXIME,1,positive_high,0.5969629319971232,0.03335389900994118,0.5977680312040644,20,1.0,1.0,False,False
strict_high_confidence,random,AMOXICILLIN,1,positive_high,0.5912103858616937,0.025729548649257264,0.5850504598329628,20,1.0,1.0,False,False
strict_high_confidence,random,TREPROSTINIL,0,negative_moderate,0.577558476728832,0.03001295660161682,0.5744957812099223,20,1.0,0.9,False,False
strict_high_confidence,random,DEXAMETHASONE,1,positive_high,0.5762652653219853,0.029170607178606867,0.5767753064062189,20,1.0,0.85,False,False
strict_high_confidence,random,IOPROMIDE,1,positive_high,0.572438881926675,0.023756205696006193,0.5730279857693239,20,1.0,0.9,False,False
strict_high_confidence,random,LIDOCAINE,1,positive_high,0.570999808651015,0.030115603319777477,0.5659829702193196,20,1.0,0.95,False,False
strict_high_confidence,random,ACETAMINOPHEN,1,positive_high,0.5617174563168907,0.020925339290706634,0.5626897270632438,20,1.0,0.95,False,False
strict_high_confidence,random,DICLOFENAC,1,positive_high,0.5538763853867545,0.023842480215644963,0.5493085162146305,20,1.0,0.95,False,False
strict_high_confidence,random,PACLITAXEL,1,positive_high,0.5501636879357336,0.02862171665080827,0.5538922698050779,20,0.9,0.75,False,False
strict_high_confidence,random,ROCURONIUM,1,positive_high,0.5292775419209843,0.02853506934533758,0.5378227409826186,20,0.85,0.65,False,False
strict_high_confidence,random,CEFTRIAXONE,1,positive_high,0.5270155680916713,0.03314353359691047,0.5297867718319633,20,0.7,0.85,False,False
strict_high_confidence,random,PROPOFOL,1,positive_high,0.5241778033902365,0.019836559519439825,0.5271362886196154,20,0.95,0.6,False,False
strict_high_confidence,random,APREMILAST,0,negative_moderate,0.518107558127612,0.01688876006561731,0.5144572341846759,20,0.85,0.5,False,False
strict_high_confidence,random,RELUGOLIX,0,negative_high,0.5150688085966918,0.02933404212278539,0.5075296969834494,20,0.75,0.35,False,False
strict_high_confidence,random,POMALIDOMIDE,0,negative_high,0.5134869506701627,0.03260860012117106,0.5213589409678846,20,0.65,0.4,False,False
strict_high_confidence,random,AZATHIOPRINE,0,negative_moderate,0.49922096880216016,0.038775234433131425,0.5040142984940232,20,0.55,0.1,False,False
strict_high_confidence,random,PALBOCICLIB,0,negative_high,0.4972283383086159,0.02999495361645046,0.5008787590176295,20,0.55,0.1,False,False
strict_high_confidence,random,CABOZANTINIB,0,negative_high,0.4865794010648668,0.032157395581601925,0.49407282227298327,20,0.45,0.2,False,False
strict_high_confidence,random,PIMAVANSERIN,0,negative_high,0.48025246589214354,0.025123753120604286,0.4823055691068193,20,0.1,0.05,False,False
strict_high_confidence,random,IBRUTINIB,0,negative_moderate,0.4557736428995568,0.01890960482130147,0.4535930237887944,20,0.05,0.0,False,False
strict_high_confidence,random,ALPRAZOLAM,0,negative_moderate,0.45301520723571975,0.03223904189895412,0.46172961591520845,20,0.0,0.0,False,False
strict_high_confidence,random,QUETIAPINE,0,negative_moderate,0.42992284619224586,0.029175825718366147,0.42101309002304954,20,0.0,0.0,False,False
strict_high_confidence,random,ONDANSETRON,1,positive_high,0.4151393250597872,0.023866030713475848,0.4109781687499291,20,0.0,0.0,False,False
strict_high_confidence,random,ABEMACICLIB,0,negative_moderate,0.40167697488984483,0.03261754364228822,0.39977340451808063,20,0.0,0.0,False,False
strict_high_confidence,random,OLANZAPINE,0,negative_moderate,0.3498209455395646,0.0334871486498052,0.34033614400681944,20,0.0,0.0,False,False
strict_high_confidence,random,CLOZAPINE,0,negative_high,0.3467151136795981,0.03909514195859956,0.3464996854631304,20,0.0,0.0,False,False
strict_high_confidence,scaffold,TREPROSTINIL,0,negative_moderate,0.610984480057516,0.06875459936892113,0.6317924476705923,19,0.8947368421052632,0.7894736842105263,True,False
strict_high_confidence,scaffold,CEFUROXIME,1,positive_high,0.5921692241247102,0.0816003371912746,0.6277040933715065,20,0.7,1.0,False,False
strict_high_confidence,scaffold,AZATHIOPRINE,0,negative_moderate,0.5891361466702958,0.018920896697920787,0.5884060181751327,17,1.0,0.8823529411764706,False,False
strict_high_confidence,scaffold,AMOXICILLIN,1,positive_high,0.5860728306273653,0.0668205775479365,0.5960692391651968,20,0.9,0.8,False,False
strict_high_confidence,scaffold,POMALIDOMIDE,0,negative_high,0.5519574975764875,0.047239547727204075,0.5721879372919966,18,0.8333333333333334,0.3888888888888889,False,False
strict_high_confidence,scaffold,PACLITAXEL,1,positive_high,0.5462816314230853,0.07569924441530441,0.5654134772655676,20,0.7,0.6,False,False
strict_high_confidence,scaffold,ROCURONIUM,1,positive_high,0.5264725274501141,0.04520742274036905,0.5142679081931403,20,0.65,0.45,False,False
strict_high_confidence,scaffold,APREMILAST,0,negative_moderate,0.5236711091047941,0.061536927126438136,0.5431753500937331,20,0.75,0.45,False,False
strict_high_confidence,scaffold,CEFTRIAXONE,1,positive_high,0.5147489752021422,0.056767426634258836,0.5084048455050045,19,0.5263157894736842,0.5789473684210527,False,False
strict_high_confidence,scaffold,DICLOFENAC,1,positive_high,0.5091885557138941,0.09594758669738977,0.534480877066596,19,0.7894736842105263,0.6842105263157895,False,False
strict_high_confidence,scaffold,DEXAMETHASONE,1,positive_high,0.5070891227720092,0.09279703227128049,0.5424216008204472,19,0.5263157894736842,1.0,False,False
strict_high_confidence,scaffold,PALBOCICLIB,0,negative_high,0.5002112246676891,0.07019554824564128,0.5105145547619977,19,0.5263157894736842,0.15789473684210525,False,False
strict_high_confidence,scaffold,PIMAVANSERIN,0,negative_high,0.4941456830549118,0.04395610244775401,0.5054604096775369,17,0.5294117647058824,0.0,False,False
strict_high_confidence,scaffold,CABOZANTINIB,0,negative_high,0.4734866588994137,0.07072350266030202,0.49449783999760055,19,0.42105263157894735,0.0,False,False
strict_high_confidence,scaffold,RELUGOLIX,0,negative_high,0.47055023263004603,0.10952523017832475,0.5105679644789619,19,0.5789473684210527,0.21052631578947367,False,False
strict_high_confidence,scaffold,ALPRAZOLAM,0,negative_moderate,0.4450967141502188,0.07429805625541468,0.46247295702055746,19,0.3684210526315789,0.0,False,False
strict_high_confidence,scaffold,QUETIAPINE,0,negative_moderate,0.4248916785622071,0.033646914662885795,0.43203607333908955,20,0.0,0.0,False,False
strict_high_confidence,scaffold,ABEMACICLIB,0,negative_moderate,0.41848850936900334,0.06815493787979786,0.46324377878354617,19,0.0,0.0,False,False
strict_high_confidence,scaffold,IBRUTINIB,0,negative_moderate,0.41159924202410436,0.061313584116160766,0.40113039870608447,16,0.125,0.0,False,False
strict_high_confidence,scaffold,IOPROMIDE,1,positive_high,0.3882418241344339,0.045256668064611996,0.38116566385013473,20,0.0,0.05,False,True
strict_high_confidence,scaffold,ACETAMINOPHEN,1,positive_high,0.38380839282461443,0.05078048737992758,0.37917707503256837,20,0.0,0.1,False,True
strict_high_confidence,scaffold,ONDANSETRON,1,positive_high,0.3755764267654896,0.051427514093386334,0.38052546555732747,20,0.0,0.0,False,True
strict_high_confidence,scaffold,LIDOCAINE,1,positive_high,0.37533274924562876,0.052568841111247176,0.3622083638840188,20,0.0,0.05,False,True
strict_high_confidence,scaffold,OLANZAPINE,0,negative_moderate,0.36184787804188684,0.03501687051813634,0.3677732430643996,20,0.0,0.0,False,False
strict_high_confidence,scaffold,PROPOFOL,1,positive_high,0.3458148219144396,0.04527085821996918,0.34119521560418664,20,0.0,0.0,False,True
strict_high_confidence,scaffold,CLOZAPINE,0,negative_high,0.32967510763303626,0.07613222278421942,0.3392663483043621,20,0.0,0.0,False,False
