bit,mean_abs_shap,mean_shap,all_freq,pos_freq,neg_freq,pos_minus_neg_freq,n_on,n_pos_on,n_neg_on,example_positive_drugs,example_negative_drugs
378,0.013349056726298776,0.0003253094880198472,0.3679245412349701,0.2542372941970825,0.5106382966041565,-0.256401002407074,39,15,24,CEFTRIAXONE | ONDANSETRON | APREPITANT | BENDAMUSTINE | BORTEZOMIB | CEFAZOLIN | CYTARABINE | DEXCHLORPHENIRAMINE | ENCORAFENIB | FAMOTIDINE | FLUDARABINE | LEVOLEUCOVORIN | MIDAZOLAM | NEMTABRUTINIB | ZOLEDRONIC ACID,CABOZANTINIB | CLOZAPINE | PALBOCICLIB | RELUGOLIX | ABEMACICLIB | ALPRAZOLAM | AZATHIOPRINE | IBRUTINIB | OLANZAPINE | QUETIAPINE | AMBRISENTAN | AZACITIDINE | CANDESARTAN | FLUCONAZOLE | LETROZOLE | LORAZEPAM | MACITENTAN | MIRTAZAPINE | OSIMERTINIB | RIOCIGUAT
875,0.011802243615192616,-0.00025402727033221195,0.2924528419971466,0.18644067645072937,0.42553192377090454,-0.23909124732017517,31,11,20,ALBUTEROL | APREPITANT | BENDAMUSTINE | ENCORAFENIB | ETOPOSIDE | LABETALOL | MIDAZOLAM | NAPROXEN | NEMTABRUTINIB | VINBLASTINE | VINCRISTINE,CABOZANTINIB | CLOZAPINE | ABEMACICLIB | ALPRAZOLAM | APREMILAST | OLANZAPINE | ADAPALENE | AMBRISENTAN | ARIPIPRAZOLE | FENFLURAMINE | FLUCONAZOLE | HYDROCHLOROTHIAZIDE | LORAZEPAM | MESALAMINE | NINTEDANIB | OSIMERTINIB | RISPERIDONE | SPARSENTAN | TAFAMIDIS | VENETOCLAX
1160,0.010123763300664076,0.0007881148915700357,0.08490566164255142,0.0,0.19148936867713928,-0.19148936867713928,9,0,9,,RELUGOLIX | ABEMACICLIB | ALPRAZOLAM | IBRUTINIB | ADAPALENE | CANDESARTAN | MACITENTAN | TAFAMIDIS | VENETOCLAX
1452,0.009899594505875995,0.0006452586099841244,0.21698112785816193,0.11864406615495682,0.3404255211353302,-0.22178146243095398,23,7,16,ONDANSETRON | BORTEZOMIB | DEXCHLORPHENIRAMINE | ENCORAFENIB | FLUDARABINE | MIDAZOLAM | NEMTABRUTINIB,CABOZANTINIB | PALBOCICLIB | PIMAVANSERIN | ABEMACICLIB | APREMILAST | AZATHIOPRINE | IBRUTINIB | TREPROSTINIL | ARIPIPRAZOLE | AZACITIDINE | CANDESARTAN | MACITENTAN | MIRTAZAPINE | OSIMERTINIB | RIOCIGUAT | VENETOCLAX
80,0.009488104861194235,1.4773609158403613e-07,0.6603773832321167,0.7627118825912476,0.5319148898124695,0.23079699277877808,70,45,25,CEFTRIAXONE | CEFUROXIME | DEXAMETHASONE | DICLOFENAC | IOPROMIDE | LIDOCAINE | ONDANSETRON | ROCURONIUM | ALBUTEROL | APREPITANT | AZITHROMYCIN | BENDAMUSTINE | BORTEZOMIB | BUDESONIDE | CEFAZOLIN | CHLORHEXIDINE GLUCONATE | CYCLOPHOSPHAMIDE | CYTARABINE | DEXAMETHASONE ACETATE | DEXCHLORPHENIRAMINE,PIMAVANSERIN | RELUGOLIX | ABEMACICLIB | APREMILAST | QUETIAPINE | TREPROSTINIL | ARIPIPRAZOLE | AZACITIDINE | CANDESARTAN | CHOLECALCIFEROL | FENFLURAMINE | FLUCONAZOLE | LACOSAMIDE | LEVONORGESTREL | LISDEXAMFETAMINE | MACITENTAN | METHAMPHETAMINE | NINTEDANIB | OSIMERTINIB | RIOCIGUAT
352,0.007695771011451182,0.000546395208887719,0.14150942862033844,0.06779661029577255,0.23404255509376526,-0.1662459373474121,15,4,11,PACLITAXEL | DOXORUBICIN | ENCORAFENIB | MIDAZOLAM,CLOZAPINE | POMALIDOMIDE | ALPRAZOLAM | APREMILAST | OLANZAPINE | QUETIAPINE | CANDESARTAN | COCAINE | LORAZEPAM | OSIMERTINIB | SPARSENTAN
1380,0.006586591831955026,-0.0003876134396840802,0.8867924809455872,0.8135592937469482,0.978723406791687,-0.16516411304473877,94,48,46,ACETAMINOPHEN | AMOXICILLIN | CEFTRIAXONE | CEFUROXIME | DEXAMETHASONE | DICLOFENAC | IOPROMIDE | LIDOCAINE | ONDANSETRON | PACLITAXEL | PROPOFOL | ALBUTEROL | APREPITANT | AZITHROMYCIN | BENDAMUSTINE | BORTEZOMIB | BUDESONIDE | CEFAZOLIN | CHLORHEXIDINE GLUCONATE | CYTARABINE,CABOZANTINIB | CLOZAPINE | PALBOCICLIB | PIMAVANSERIN | POMALIDOMIDE | RELUGOLIX | ABEMACICLIB | ALPRAZOLAM | APREMILAST | AZATHIOPRINE | IBRUTINIB | OLANZAPINE | QUETIAPINE | TREPROSTINIL | ADAPALENE | AMBRISENTAN | ARIPIPRAZOLE | AZACITIDINE | CANDESARTAN | CHOLECALCIFEROL
935,0.006556563383354968,0.0002761494113786068,0.4811320900917053,0.4067796468734741,0.5744680762290955,-0.16768842935562134,51,24,27,AMOXICILLIN | CEFTRIAXONE | CEFUROXIME | ONDANSETRON | ROCURONIUM | APREPITANT | AZITHROMYCIN | BENDAMUSTINE | CEFAZOLIN | CYTARABINE | DROPERIDOL | ENCORAFENIB | FLUDARABINE | HYDROMORPHONE | IFOSFAMIDE | LEVOLEUCOVORIN | METAMIZOLE | MIDAZOLAM | MORPHINE | REMIFENTANIL,CLOZAPINE | PALBOCICLIB | PIMAVANSERIN | POMALIDOMIDE | RELUGOLIX | ABEMACICLIB | ALPRAZOLAM | APREMILAST | AZATHIOPRINE | IBRUTINIB | OLANZAPINE | QUETIAPINE | ARIPIPRAZOLE | AZACITIDINE | CANDESARTAN | CLOPIDOGREL | COCAINE | FLUCONAZOLE | LETROZOLE | MIRTAZAPINE
1750,0.006549147861547427,0.000617188488582489,0.6886792182922363,0.5932203531265259,0.8085106611251831,-0.21529030799865723,73,35,38,ACETAMINOPHEN | AMOXICILLIN | CEFUROXIME | DICLOFENAC | LIDOCAINE | ONDANSETRON | PACLITAXEL | PROPOFOL | ALBUTEROL | APREPITANT | BENDAMUSTINE | BORTEZOMIB | CHLORHEXIDINE GLUCONATE | CYTARABINE | DEXCHLORPHENIRAMINE | DIPHENHYDRAMINE | DOXORUBICIN | DROPERIDOL | ENCORAFENIB | EPHEDRINE,CABOZANTINIB | CLOZAPINE | PALBOCICLIB | PIMAVANSERIN | POMALIDOMIDE | RELUGOLIX | ABEMACICLIB | ALPRAZOLAM | APREMILAST | IBRUTINIB | OLANZAPINE | QUETIAPINE | TREPROSTINIL | ADAPALENE | AMBRISENTAN | ARIPIPRAZOLE | CANDESARTAN | CLOPIDOGREL | COCAINE | FENFLURAMINE
322,0.006089007923946009,0.000796890644267936,0.09433962404727936,0.033898305147886276,0.1702127605676651,-0.13631445169448853,10,2,8,NAPROXEN | NEMTABRUTINIB,CABOZANTINIB | PIMAVANSERIN | IBRUTINIB | ADAPALENE | ARIPIPRAZOLE | ERGOCALCIFEROL | VENETOCLAX | VENLAFAXINE
1480,0.005915891058839596,0.0002557629816765656,0.2358490526676178,0.16949152946472168,0.3191489279270172,-0.14965739846229553,25,10,15,ROCURONIUM | APREPITANT | DROPERIDOL | HYDROMORPHONE | IFOSFAMIDE | MORPHINE | REMIFENTANIL | SUFENTANIL | VINBLASTINE | VINCRISTINE,CLOZAPINE | PALBOCICLIB | PIMAVANSERIN | ABEMACICLIB | IBRUTINIB | OLANZAPINE | QUETIAPINE | ARIPIPRAZOLE | CLOPIDOGREL | MIRTAZAPINE | NINTEDANIB | RISPERIDONE | SPIRONOLACTONE | TROFINETIDE | VENETOCLAX
650,0.005725231530826798,0.0003250556193549225,0.7924528121948242,0.8644067645072937,0.7021276354789734,0.1622791290283203,84,51,33,ACETAMINOPHEN | AMOXICILLIN | CEFTRIAXONE | CEFUROXIME | DEXAMETHASONE | DICLOFENAC | IOPROMIDE | LIDOCAINE | ONDANSETRON | PACLITAXEL | ROCURONIUM | APREPITANT | AZITHROMYCIN | BENDAMUSTINE | BORTEZOMIB | BUDESONIDE | CEFAZOLIN | CHLORHEXIDINE GLUCONATE | CYCLOPHOSPHAMIDE | CYTARABINE,CABOZANTINIB | PALBOCICLIB | PIMAVANSERIN | POMALIDOMIDE | RELUGOLIX | APREMILAST | AZATHIOPRINE | IBRUTINIB | TREPROSTINIL | ADAPALENE | AMBRISENTAN | ARIPIPRAZOLE | AZACITIDINE | CANDESARTAN | CLOPIDOGREL | COCAINE | HYDROCHLOROTHIAZIDE | ISOTRETINOIN | LACOSAMIDE | LEVONORGESTREL
486,0.005276720954165888,-9.932983953373532e-05,0.09433962404727936,0.1525423675775528,0.021276595070958138,0.1312657743692398,10,9,1,IOPROMIDE | PACLITAXEL | AZITHROMYCIN | BORTEZOMIB | HYDROMORPHONE | IOPAMIDOL | LEVOLEUCOVORIN | MORPHINE | ZOLEDRONIC ACID,VENETOCLAX
207,0.005270303329924525,0.0009947307022562864,0.056603774428367615,0.0,0.12765957415103912,-0.12765957415103912,6,0,6,,CLOZAPINE | PIMAVANSERIN | OLANZAPINE | HYDROCHLOROTHIAZIDE | MIRTAZAPINE | NINTEDANIB
656,0.005122615182135085,4.5615784506092944e-05,0.21698112785816193,0.2881355881690979,0.12765957415103912,0.16047601401805878,23,17,6,CEFUROXIME | PACLITAXEL | ROCURONIUM | APREPITANT | AZITHROMYCIN | BUDESONIDE | CYCLOPHOSPHAMIDE | CYTARABINE | DOXORUBICIN | ETOPOSIDE | FLUDARABINE | HYDROMORPHONE | IFOSFAMIDE | ISOSORBIDE DINITRATE | MORPHINE | NEMTABRUTINIB | SUFENTANIL,AZACITIDINE | RISPERIDONE | SPARSENTAN | SPIRONOLACTONE | TAFAMIDIS | VENETOCLAX
841,0.004859751544782022,-6.522977656343386e-05,0.2641509473323822,0.23728813230991364,0.2978723347187042,-0.06058420240879059,28,14,14,CEFTRIAXONE | CEFUROXIME | IOPROMIDE | AZITHROMYCIN | DOXORUBICIN | ENCORAFENIB | ETOPOSIDE | HYDROCORTISONE | NAPROXEN | REMIFENTANIL | SUFENTANIL | TECFIDERA | VINBLASTINE | VINCRISTINE,CABOZANTINIB | RELUGOLIX | APREMILAST | ADAPALENE | AMBRISENTAN | CLOPIDOGREL | COCAINE | LACOSAMIDE | LEVONORGESTREL | NINTEDANIB | OSIMERTINIB | RIOCIGUAT | SPIRONOLACTONE | VENLAFAXINE
1236,0.0048497377463724905,0.0004721934103482304,0.09433962404727936,0.033898305147886276,0.1702127605676651,-0.13631445169448853,10,2,8,HYDROMORPHONE | MORPHINE,CLOZAPINE | PIMAVANSERIN | OLANZAPINE | TREPROSTINIL | ARIPIPRAZOLE | CLOPIDOGREL | MIRTAZAPINE | NINTEDANIB
1840,0.004838606282183694,0.0005048450552044835,0.07547169923782349,0.016949152573943138,0.1489361673593521,-0.13198702037334442,8,1,7,MIDAZOLAM,RELUGOLIX | ABEMACICLIB | CLOPIDOGREL | FLUCONAZOLE | LISDEXAMFETAMINE | MIRTAZAPINE | RIOCIGUAT
807,0.004566744227714908,0.00021756063297475095,0.7735849022865295,0.8474576473236084,0.6808510422706604,0.166606605052948,82,50,32,ACETAMINOPHEN | AMOXICILLIN | CEFTRIAXONE | CEFUROXIME | DEXAMETHASONE | DICLOFENAC | IOPROMIDE | LIDOCAINE | PACLITAXEL | PROPOFOL | ROCURONIUM | ALBUTEROL | AZITHROMYCIN | BENDAMUSTINE | BORTEZOMIB | BUDESONIDE | CEFAZOLIN | CHLORHEXIDINE GLUCONATE | CYTARABINE | DEXAMETHASONE ACETATE,CABOZANTINIB | PALBOCICLIB | PIMAVANSERIN | RELUGOLIX | APREMILAST | IBRUTINIB | QUETIAPINE | TREPROSTINIL | ADAPALENE | AMBRISENTAN | AZACITIDINE | CANDESARTAN | CHOLECALCIFEROL | CLOPIDOGREL | COCAINE | ERGOCALCIFEROL | FLUCONAZOLE | ISOTRETINOIN | LACOSAMIDE | LEVONORGESTREL
227,0.004468942140147486,-0.00039934172163969765,0.11320754885673523,0.16949152946472168,0.042553190141916275,0.1269383430480957,12,10,2,IOPROMIDE | PACLITAXEL | ALBUTEROL | BORTEZOMIB | CHLORHEXIDINE GLUCONATE | EPHEDRINE | ETOPOSIDE | IOPAMIDOL | LABETALOL | TREOSULFAN,TREPROSTINIL | PSEUDOEPHEDRINE
926,0.004348119860691286,8.251315954611242e-05,0.5660377144813538,0.5423728823661804,0.5957446694374084,-0.05337178707122803,60,32,28,CEFTRIAXONE | CEFUROXIME | DEXAMETHASONE | ONDANSETRON | PACLITAXEL | ROCURONIUM | APREPITANT | AZITHROMYCIN | BUDESONIDE | CEFAZOLIN | CYCLOPHOSPHAMIDE | DEXAMETHASONE ACETATE | DOXORUBICIN | DROPERIDOL | ETOPOSIDE | GABAPENTIN | GLYCOPYRROLATE | HYDROCORTISONE | HYDROMORPHONE | IFOSFAMIDE,CABOZANTINIB | CLOZAPINE | PALBOCICLIB | PIMAVANSERIN | POMALIDOMIDE | ABEMACICLIB | ALPRAZOLAM | IBRUTINIB | OLANZAPINE | QUETIAPINE | TREPROSTINIL | ADAPALENE | ARIPIPRAZOLE | CHOLECALCIFEROL | CLOPIDOGREL | COCAINE | ERGOCALCIFEROL | HYDROCHLOROTHIAZIDE | ISOTRETINOIN | LEVONORGESTREL
1873,0.004121372672068611,-0.00028125022555082555,0.8396226167678833,0.7796609997749329,0.914893627166748,-0.13523262739181519,89,46,43,ACETAMINOPHEN | AMOXICILLIN | CEFTRIAXONE | CEFUROXIME | DEXAMETHASONE | DICLOFENAC | LIDOCAINE | ONDANSETRON | PACLITAXEL | PROPOFOL | ALBUTEROL | APREPITANT | BENDAMUSTINE | BORTEZOMIB | BUDESONIDE | CEFAZOLIN | CHLORHEXIDINE GLUCONATE | CYTARABINE | DEXAMETHASONE ACETATE | DEXCHLORPHENIRAMINE,CABOZANTINIB | CLOZAPINE | PALBOCICLIB | PIMAVANSERIN | POMALIDOMIDE | RELUGOLIX | ABEMACICLIB | ALPRAZOLAM | APREMILAST | AZATHIOPRINE | IBRUTINIB | OLANZAPINE | QUETIAPINE | TREPROSTINIL | ADAPALENE | AMBRISENTAN | ARIPIPRAZOLE | AZACITIDINE | CANDESARTAN | CLOPIDOGREL
1199,0.003933465316425343,1.6979050782432124e-05,0.35849055647850037,0.3050847351551056,0.42553192377090454,-0.12044718861579895,38,18,20,DICLOFENAC | ONDANSETRON | PACLITAXEL | BORTEZOMIB | DEXCHLORPHENIRAMINE | DIPHENHYDRAMINE | DROPERIDOL | EPHEDRINE | GLYCOPYRROLATE | KETAMINE | LABETALOL | METAMIZOLE | MIDAZOLAM | NEMTABRUTINIB | REMIFENTANIL | SUFENTANIL | VINBLASTINE | VINCRISTINE,CLOZAPINE | POMALIDOMIDE | ALPRAZOLAM | IBRUTINIB | OLANZAPINE | QUETIAPINE | AMBRISENTAN | CANDESARTAN | CLOPIDOGREL | COCAINE | LACOSAMIDE | LISDEXAMFETAMINE | LORAZEPAM | METHAMPHETAMINE | MIRTAZAPINE | NINTEDANIB | OSIMERTINIB | PSEUDOEPHEDRINE | RIOCIGUAT | SPARSENTAN
679,0.0038761559310371407,-0.000118227884154597,0.11320754885673523,0.18644067645072937,0.021276595070958138,0.16516408324241638,12,11,1,DEXAMETHASONE | PACLITAXEL | ROCURONIUM | AZITHROMYCIN | BUDESONIDE | DEXAMETHASONE ACETATE | DOXORUBICIN | HYDROCORTISONE | METHYLPREDNISOLONE | VINBLASTINE | VINCRISTINE,ADAPALENE
1917,0.0037960762297905536,-0.0002502120790274507,0.5660377144813538,0.6271186470985413,0.4893617033958435,0.13775694370269775,60,37,23,ACETAMINOPHEN | AMOXICILLIN | CEFTRIAXONE | CEFUROXIME | DEXAMETHASONE | DICLOFENAC | IOPROMIDE | LIDOCAINE | PACLITAXEL | ROCURONIUM | BENDAMUSTINE | BORTEZOMIB | BUDESONIDE | CEFAZOLIN | CHLORHEXIDINE GLUCONATE | DEXAMETHASONE ACETATE | DEXCHLORPHENIRAMINE | DOXORUBICIN | DROPERIDOL | ENCORAFENIB,CABOZANTINIB | PALBOCICLIB | PIMAVANSERIN | RELUGOLIX | APREMILAST | IBRUTINIB | TREPROSTINIL | ADAPALENE | AMBRISENTAN | CANDESARTAN | CLOPIDOGREL | COCAINE | ISOTRETINOIN | LACOSAMIDE | LISDEXAMFETAMINE | MESALAMINE | NINTEDANIB | OSIMERTINIB | RIOCIGUAT | SPIRONOLACTONE
1754,0.003738124424608436,0.000158820987146399,0.11320754885673523,0.06779661029577255,0.1702127605676651,-0.10241615027189255,12,4,8,CEFUROXIME | BORTEZOMIB | LABETALOL | MELPHALAN,PIMAVANSERIN | ABEMACICLIB | CANDESARTAN | FENFLURAMINE | LACOSAMIDE | LISDEXAMFETAMINE | METHAMPHETAMINE | SPARSENTAN
1088,0.0036728961590703434,0.00024259149236518243,0.46226415038108826,0.38983049988746643,0.5531914830207825,-0.16336098313331604,49,23,26,CEFUROXIME | DICLOFENAC | LIDOCAINE | ONDANSETRON | PACLITAXEL | PROPOFOL | BORTEZOMIB | DEXCHLORPHENIRAMINE | DIPHENHYDRAMINE | DOXORUBICIN | DROPERIDOL | ENCORAFENIB | EPHEDRINE | GLYCOPYRROLATE | KETAMINE | LABETALOL | METAMIZOLE | MIDAZOLAM | NEMTABRUTINIB | REMIFENTANIL,CLOZAPINE | POMALIDOMIDE | RELUGOLIX | ALPRAZOLAM | APREMILAST | IBRUTINIB | OLANZAPINE | QUETIAPINE | TREPROSTINIL | AMBRISENTAN | ARIPIPRAZOLE | CANDESARTAN | CLOPIDOGREL | COCAINE | ERGOCALCIFEROL | FENFLURAMINE | LACOSAMIDE | LISDEXAMFETAMINE | LORAZEPAM | METHAMPHETAMINE
547,0.0036510051065106346,-0.0003879058234506041,0.08490566164255142,0.1355932205915451,0.021276595070958138,0.11431662738323212,9,8,1,CEFTRIAXONE | CEFUROXIME | DEXAMETHASONE | BUDESONIDE | DEXAMETHASONE ACETATE | METHYLPREDNISOLONE | VINBLASTINE | VINCRISTINE,MIRTAZAPINE
1476,0.003485001095224478,2.359905206750239e-05,0.1320754736661911,0.08474576473236084,0.19148936867713928,-0.10674360394477844,14,5,9,DOXORUBICIN | ENCORAFENIB | FAMOTIDINE | METAMIZOLE | TREOSULFAN,CLOZAPINE | APREMILAST | OLANZAPINE | QUETIAPINE | HYDROCHLOROTHIAZIDE | LISDEXAMFETAMINE | MACITENTAN | SPARSENTAN | VENETOCLAX
314,0.0033905947459197112,9.516138017370764e-05,0.30188679695129395,0.35593220591545105,0.23404255509376526,0.12188965082168579,32,21,11,AMOXICILLIN | CEFTRIAXONE | CEFUROXIME | DEXAMETHASONE | ONDANSETRON | PACLITAXEL | APREPITANT | AZITHROMYCIN | BUDESONIDE | CEFAZOLIN | CYTARABINE | DEXAMETHASONE ACETATE | DOXORUBICIN | DROPERIDOL | ETOPOSIDE | HYDROCORTISONE | HYDROMORPHONE | KETAMINE | LEVOLEUCOVORIN | METAMIZOLE,PALBOCICLIB | POMALIDOMIDE | RELUGOLIX | APREMILAST | ARIPIPRAZOLE | AZACITIDINE | LEVONORGESTREL | LORAZEPAM | RISPERIDONE | SPARSENTAN | SPIRONOLACTONE
407,0.003382986469180578,0.0008195606979464769,0.07547169923782349,0.016949152573943138,0.1489361673593521,-0.13198702037334442,8,1,7,METAMIZOLE,CLOZAPINE | PALBOCICLIB | OLANZAPINE | QUETIAPINE | ARIPIPRAZOLE | RIOCIGUAT | VENETOCLAX
1602,0.003380655674120588,-0.000677073861934394,0.1037735864520073,0.1525423675775528,0.042553190141916275,0.10998918116092682,11,9,2,ACETAMINOPHEN | AMOXICILLIN | PROPOFOL | ALBUTEROL | DOXORUBICIN | ETOPOSIDE | HYDROMORPHONE | LABETALOL | MORPHINE,MESALAMINE | NINTEDANIB
1257,0.0033731948999090326,9.768068136147558e-05,0.17924527823925018,0.23728813230991364,0.10638298094272614,0.1309051513671875,19,14,5,DEXAMETHASONE | PACLITAXEL | ROCURONIUM | AZITHROMYCIN | BUDESONIDE | CYTARABINE | DEXAMETHASONE ACETATE | DOXORUBICIN | ETOPOSIDE | FLUDARABINE | HYDROCORTISONE | METHYLPREDNISOLONE | MORPHINE | NAPROXEN,TREPROSTINIL | AZACITIDINE | CHOLECALCIFEROL | ERGOCALCIFEROL | LORAZEPAM
1279,0.003370744758164995,-0.0008738016518177096,0.056603774428367615,0.10169491171836853,0.0,0.10169491171836853,6,6,0,AMOXICILLIN | CEFTRIAXONE | CEFUROXIME | APREPITANT | CEFAZOLIN | ETOPOSIDE,
1357,0.003302225685669102,0.0005152253644514316,0.11320754885673523,0.06779661029577255,0.1702127605676651,-0.10241615027189255,12,4,8,ONDANSETRON | DROPERIDOL | VINBLASTINE | VINCRISTINE,CABOZANTINIB | PALBOCICLIB | CLOPIDOGREL | NINTEDANIB | OSIMERTINIB | RIOCIGUAT | RISPERIDONE | VENETOCLAX
984,0.003237085881878484,0.0004677848875392795,0.09433962404727936,0.050847455859184265,0.1489361673593521,-0.09808871150016785,10,3,7,AZITHROMYCIN | DOXORUBICIN | MIDAZOLAM,CLOZAPINE | POMALIDOMIDE | APREMILAST | QUETIAPINE | CANDESARTAN | LORAZEPAM | SPARSENTAN
1970,0.0030210947281427802,0.0003169664067389609,0.09433962404727936,0.06779661029577255,0.12765957415103912,-0.05986296385526657,10,4,6,DOXORUBICIN | ETOPOSIDE | VINBLASTINE | VINCRISTINE,CABOZANTINIB | APREMILAST | TREPROSTINIL | ADAPALENE | OSIMERTINIB | VENETOCLAX
1982,0.002958793055958393,0.0008635812709741038,0.04716981202363968,0.0,0.10638298094272614,-0.10638298094272614,5,0,5,,CLOZAPINE | OLANZAPINE | ARIPIPRAZOLE | HYDROCHLOROTHIAZIDE | LORAZEPAM
310,0.0029451988463363543,0.0003918726857808402,0.09433962404727936,0.050847455859184265,0.1489361673593521,-0.09808871150016785,10,3,7,PACLITAXEL | KETAMINE | MELPHALAN,CABOZANTINIB | PIMAVANSERIN | ABEMACICLIB | CANDESARTAN | RISPERIDONE | SPARSENTAN | TROFINETIDE
896,0.002869540667148153,0.00047209230386911733,0.06603773683309555,0.016949152573943138,0.12765957415103912,-0.11071041971445084,7,1,6,SEVOFLURANE,RELUGOLIX | IBRUTINIB | ADAPALENE | CANDESARTAN | MACITENTAN | VENETOCLAX
117,0.0027796756530451294,0.00012573843329113279,0.11320754885673523,0.08474576473236084,0.1489361673593521,-0.06419040262699127,12,5,7,PACLITAXEL | BORTEZOMIB | ENCORAFENIB | IOPAMIDOL | LEVOLEUCOVORIN,CLOPIDOGREL | HYDROCHLOROTHIAZIDE | LACOSAMIDE | LISDEXAMFETAMINE | LORAZEPAM | OSIMERTINIB | TROFINETIDE
387,0.0027517391731089877,-0.0009836602310435462,0.04716981202363968,0.08474576473236084,0.0,0.08474576473236084,5,5,0,AMOXICILLIN | CEFTRIAXONE | CEFUROXIME | ONDANSETRON | CEFAZOLIN,
251,0.0027226914021163343,-0.000881867344553721,0.04716981202363968,0.08474576473236084,0.0,0.08474576473236084,5,5,0,AMOXICILLIN | DEXAMETHASONE | LIDOCAINE | AZITHROMYCIN | DEXAMETHASONE ACETATE,
1457,0.002721096783606696,0.00039946036455917395,0.1037735864520073,0.08474576473236084,0.12765957415103912,-0.042913809418678284,11,5,6,CEFTRIAXONE | CYTARABINE | ETOPOSIDE | FLUDARABINE | LEVOLEUCOVORIN,POMALIDOMIDE | APREMILAST | IBRUTINIB | AZACITIDINE | MESALAMINE | RIOCIGUAT
2021,0.0027200147235257187,-0.00033348136142339084,0.08490566164255142,0.1355932205915451,0.021276595070958138,0.11431662738323212,9,8,1,CEFTRIAXONE | DEXAMETHASONE | BENDAMUSTINE | BUDESONIDE | DEXAMETHASONE ACETATE | ETOPOSIDE | METHYLPREDNISOLONE | NAPROXEN,CLOPIDOGREL
74,0.0026882560003265088,0.0001668493435719821,0.08490566164255142,0.033898305147886276,0.1489361673593521,-0.11503785848617554,9,2,7,APREPITANT | DIPHENHYDRAMINE,CLOZAPINE | ABEMACICLIB | QUETIAPINE | ARIPIPRAZOLE | LORAZEPAM | NINTEDANIB | VENETOCLAX
1536,0.002682369467065064,0.0003988219482478876,0.11320754885673523,0.08474576473236084,0.1489361673593521,-0.06419040262699127,12,5,7,DOXORUBICIN | ETOPOSIDE | NAPROXEN | VINBLASTINE | VINCRISTINE,CABOZANTINIB | RELUGOLIX | APREMILAST | ADAPALENE | LORAZEPAM | OSIMERTINIB | VENLAFAXINE
1060,0.0026413151105548938,0.00021292081165952834,0.3396226465702057,0.3050847351551056,0.38297873735427856,-0.07789400219917297,36,18,18,AMOXICILLIN | DEXAMETHASONE | PACLITAXEL | ROCURONIUM | AZITHROMYCIN | BUDESONIDE | DEXAMETHASONE ACETATE | DOXORUBICIN | GABAPENTIN | HYDROCORTISONE | HYDROMORPHONE | KETAMINE | METHYLPREDNISOLONE | MORPHINE | REMIFENTANIL | SUFENTANIL | VINBLASTINE | VINCRISTINE,CABOZANTINIB | CLOZAPINE | PALBOCICLIB | POMALIDOMIDE | ABEMACICLIB | OLANZAPINE | ADAPALENE | ARIPIPRAZOLE | CHOLECALCIFEROL | ERGOCALCIFEROL | ISOTRETINOIN | LEVONORGESTREL | LORAZEPAM | SPARSENTAN | SPIRONOLACTONE | TROFINETIDE | VENETOCLAX | VENLAFAXINE
222,0.0025982381368980616,1.82666422685497e-05,0.1320754736661911,0.18644067645072937,0.06382978707551956,0.12261088937520981,14,11,3,DEXAMETHASONE | IOPROMIDE | ALBUTEROL | BUDESONIDE | CHLORHEXIDINE GLUCONATE | CYTARABINE | DOXORUBICIN | FLUDARABINE | IOPAMIDOL | METHYLPREDNISOLONE | NEMTABRUTINIB,QUETIAPINE | AZACITIDINE | CANDESARTAN
1385,0.00259096142620877,0.0001455279242015225,0.1037735864520073,0.06779661029577255,0.1489361673593521,-0.08113955706357956,11,4,7,PACLITAXEL | DROPERIDOL | EPHEDRINE | LEVOLEUCOVORIN,ADAPALENE | CANDESARTAN | COCAINE | NINTEDANIB | PSEUDOEPHEDRINE | RIOCIGUAT | TAFAMIDIS
1162,0.0025682790092713408,0.00018049408632385378,0.19811320304870605,0.18644067645072937,0.21276596188545227,-0.0263252854347229,21,11,10,ROCURONIUM | GABAPENTIN | HYDROCORTISONE | HYDROMORPHONE | KETAMINE | METHYLPREDNISOLONE | MORPHINE | REMIFENTANIL | SUFENTANIL | VINBLASTINE | VINCRISTINE,CABOZANTINIB | CHOLECALCIFEROL | ERGOCALCIFEROL | ISOTRETINOIN | LEVONORGESTREL | SPARSENTAN | SPIRONOLACTONE | TROFINETIDE | VENETOCLAX | VENLAFAXINE
489,0.002536637406580886,0.00031661437615719616,0.07547169923782349,0.033898305147886276,0.12765957415103912,-0.09376126527786255,8,2,6,ETOPOSIDE | NEMTABRUTINIB,AZATHIOPRINE | IBRUTINIB | FLUCONAZOLE | LETROZOLE | MACITENTAN | OSIMERTINIB
381,0.0024787592673343405,-0.0008980503178002704,0.03773584961891174,0.06779661029577255,0.0,0.06779661029577255,4,4,0,DICLOFENAC | IOPROMIDE | LIDOCAINE | IOPAMIDOL,
102,0.0024669098451186463,0.001009136851998863,0.03773584961891174,0.0,0.08510638028383255,-0.08510638028383255,4,0,4,,CLOZAPINE | PIMAVANSERIN | OLANZAPINE | LETROZOLE
1114,0.0024352138882109578,0.00010048654419284359,0.19811320304870605,0.16949152946472168,0.23404255509376526,-0.06455102562904358,21,10,11,CEFTRIAXONE | APREPITANT | BUDESONIDE | CYCLOPHOSPHAMIDE | DEXCHLORPHENIRAMINE | DROPERIDOL | LEVOLEUCOVORIN | NEMTABRUTINIB | VINBLASTINE | VINCRISTINE,CLOZAPINE | PALBOCICLIB | POMALIDOMIDE | AZATHIOPRINE | OLANZAPINE | ARIPIPRAZOLE | CANDESARTAN | HYDROCHLOROTHIAZIDE | LORAZEPAM | NINTEDANIB | VENETOCLAX
787,0.0024215294199218377,-0.00016084642078616839,0.1037735864520073,0.1525423675775528,0.042553190141916275,0.10998918116092682,11,9,2,CEFUROXIME | DEXAMETHASONE | PACLITAXEL | BUDESONIDE | DEXAMETHASONE ACETATE | ENCORAFENIB | METHYLPREDNISOLONE | VINBLASTINE | VINCRISTINE,CABOZANTINIB | OSIMERTINIB
1325,0.0023774815774780644,-5.107245371454326e-05,0.2075471729040146,0.18644067645072937,0.23404255509376526,-0.04760187864303589,22,11,11,DEXAMETHASONE | ONDANSETRON | ROCURONIUM | BUDESONIDE | DEXAMETHASONE ACETATE | GLYCOPYRROLATE | HYDROCORTISONE | HYDROMORPHONE | METHYLPREDNISOLONE | NEMTABRUTINIB | TRANEXAMIC ACID,PALBOCICLIB | PIMAVANSERIN | POMALIDOMIDE | IBRUTINIB | CHOLECALCIFEROL | COCAINE | ERGOCALCIFEROL | LEVONORGESTREL | RISPERIDONE | SPIRONOLACTONE | VENETOCLAX
1728,0.002338369300028452,0.0005433395843361896,0.04716981202363968,0.016949152573943138,0.08510638028383255,-0.06815722584724426,5,1,4,SEVOFLURANE,QUETIAPINE | FENFLURAMINE | LISDEXAMFETAMINE | METHAMPHETAMINE
1019,0.0023195760982953994,0.00022780837803498016,0.4150943458080292,0.4576271176338196,0.3617021143436432,0.09592500329017639,44,27,17,AMOXICILLIN | CEFTRIAXONE | CEFUROXIME | DEXAMETHASONE | ONDANSETRON | PACLITAXEL | ROCURONIUM | APREPITANT | AZITHROMYCIN | BUDESONIDE | CEFAZOLIN | CYTARABINE | DEXAMETHASONE ACETATE | DOXORUBICIN | ETOPOSIDE | FLUDARABINE | GLYCOPYRROLATE | HYDROCORTISONE | HYDROMORPHONE | ISOSORBIDE DINITRATE,PALBOCICLIB | PIMAVANSERIN | POMALIDOMIDE | IBRUTINIB | TREPROSTINIL | ADAPALENE | AZACITIDINE | CHOLECALCIFEROL | COCAINE | ERGOCALCIFEROL | LEVONORGESTREL | LORAZEPAM | MIRTAZAPINE | OSIMERTINIB | RISPERIDONE | SPIRONOLACTONE | VENETOCLAX
5,0.002241327355855275,-0.0007824942989940194,0.03773584961891174,0.06779661029577255,0.0,0.06779661029577255,4,4,0,AMOXICILLIN | CEFTRIAXONE | CEFUROXIME | CEFAZOLIN,
193,0.0022131525162979566,0.0008418347740854692,0.04716981202363968,0.016949152573943138,0.08510638028383255,-0.06815722584724426,5,1,4,NEMTABRUTINIB,CABOZANTINIB | PIMAVANSERIN | RELUGOLIX | IBRUTINIB
2018,0.0022096402265243393,0.00032676099840348017,0.06603773683309555,0.033898305147886276,0.10638298094272614,-0.07248467206954956,7,2,5,ENCORAFENIB | LABETALOL,COCAINE | FENFLURAMINE | LISDEXAMFETAMINE | METHAMPHETAMINE | OSIMERTINIB
1365,0.0021907723764444157,-0.0001154986642043449,0.1320754736661911,0.16949152946472168,0.08510638028383255,0.08438514918088913,14,10,4,AMOXICILLIN | PACLITAXEL | ALBUTEROL | APREPITANT | DEXCHLORPHENIRAMINE | DIPHENHYDRAMINE | EPHEDRINE | LABETALOL | LEVOLEUCOVORIN | NAPROXEN,APREMILAST | LETROZOLE | PSEUDOEPHEDRINE | VENLAFAXINE
1765,0.00217153549001632,0.00026169882139277464,0.06603773683309555,0.016949152573943138,0.12765957415103912,-0.11071041971445084,7,1,6,APREPITANT,RELUGOLIX | ABEMACICLIB | CANDESARTAN | RIOCIGUAT | SPARSENTAN | VENETOCLAX
1138,0.0020172775447801087,0.00044875293869972636,0.03773584961891174,0.0,0.08510638028383255,-0.08510638028383255,4,0,4,,ADAPALENE | FLUCONAZOLE | TAFAMIDIS | TROFINETIDE
1171,0.0019548152960979295,2.3986771333519493e-05,0.25471699237823486,0.3050847351551056,0.19148936867713928,0.11359536647796631,27,18,9,AMOXICILLIN | CEFTRIAXONE | CEFUROXIME | CHLORHEXIDINE GLUCONATE | CYTARABINE | DOXORUBICIN | FAMOTIDINE | FLUDARABINE | GABAPENTIN | HYDROMORPHONE | LABETALOL | LEVOLEUCOVORIN | MELPHALAN | MORPHINE | NEMTABRUTINIB | TRANEXAMIC ACID | VINBLASTINE | VINCRISTINE,POMALIDOMIDE | RELUGOLIX | IBRUTINIB | AZACITIDINE | HYDROCHLOROTHIAZIDE | LISDEXAMFETAMINE | MESALAMINE | RIOCIGUAT | TROFINETIDE
1410,0.0019490371856115808,0.00037968348337205816,0.07547169923782349,0.050847455859184265,0.10638298094272614,-0.05553552508354187,8,3,5,APREPITANT | DOXORUBICIN | DROPERIDOL,CABOZANTINIB | PIMAVANSERIN | TREPROSTINIL | FLUCONAZOLE | RISPERIDONE
1921,0.0019378487919534217,-0.00018872818796687415,0.07547169923782349,0.11864406615495682,0.021276595070958138,0.09736747294664383,8,7,1,AZITHROMYCIN | BORTEZOMIB | BUDESONIDE | CYTARABINE | DOXORUBICIN | ETOPOSIDE | FLUDARABINE,AZACITIDINE
41,0.0018852320692144757,-0.0007414948928417098,0.03773584961891174,0.06779661029577255,0.0,0.06779661029577255,4,4,0,IOPROMIDE | LIDOCAINE | CEFAZOLIN | ISOSORBIDE DINITRATE,
1951,0.0018542217013054563,-0.00016842884374497022,0.06603773683309555,0.10169491171836853,0.021276595070958138,0.08041831851005554,7,6,1,ROCURONIUM | BENDAMUSTINE | CYCLOPHOSPHAMIDE | DEXCHLORPHENIRAMINE | DIPHENHYDRAMINE | MELPHALAN,OSIMERTINIB
881,0.0018398432613761634,-0.00024931341602188223,0.17924527823925018,0.20338982343673706,0.1489361673593521,0.05445365607738495,19,12,7,IOPROMIDE | LIDOCAINE | AZITHROMYCIN | BENDAMUSTINE | CYCLOPHOSPHAMIDE | DEXCHLORPHENIRAMINE | DIPHENHYDRAMINE | MELPHALAN | METAMIZOLE | MIDAZOLAM | REMIFENTANIL | SUFENTANIL,PIMAVANSERIN | RELUGOLIX | ALPRAZOLAM | NINTEDANIB | OSIMERTINIB | RIOCIGUAT | VENLAFAXINE
458,0.0018329309525791733,0.0005043615415147363,0.03773584961891174,0.0,0.08510638028383255,-0.08510638028383255,4,0,4,,PALBOCICLIB | ABEMACICLIB | MACITENTAN | OSIMERTINIB
932,0.0018162297561823404,-4.350497680952154e-05,0.08490566164255142,0.06779661029577255,0.10638298094272614,-0.03858637064695358,9,4,5,LIDOCAINE | CEFAZOLIN | FLUDARABINE | ZOLEDRONIC ACID,AZATHIOPRINE | AZACITIDINE | FLUCONAZOLE | LETROZOLE | VENLAFAXINE
1564,0.0017947469498559411,-0.00011473393471152242,0.08490566164255142,0.11864406615495682,0.042553190141916275,0.07609087228775024,9,7,2,BENDAMUSTINE | DROPERIDOL | FAMOTIDINE | HYDROCORTISONE | LEVOLEUCOVORIN | REMIFENTANIL | SUCCINYLCHOLINE,MIRTAZAPINE | TROFINETIDE
316,0.0017681921679599812,-0.0003728383361465967,0.04716981202363968,0.08474576473236084,0.0,0.08474576473236084,5,5,0,IOPROMIDE | DIPHENHYDRAMINE | IOPAMIDOL | NEMTABRUTINIB | SEVOFLURANE,
695,0.0017621648622529477,-5.585688289654507e-05,0.43396225571632385,0.4237288236618042,0.44680851697921753,-0.02307969331741333,46,25,21,CEFTRIAXONE | CEFUROXIME | IOPROMIDE | PACLITAXEL | ROCURONIUM | APREPITANT | AZITHROMYCIN | DEXAMETHASONE ACETATE | DIPHENHYDRAMINE | DOXORUBICIN | ENCORAFENIB | ETOPOSIDE | GLYCOPYRROLATE | HYDROCORTISONE | ISOSORBIDE DINITRATE | NAPROXEN | NEMTABRUTINIB | REMIFENTANIL | SEVOFLURANE | SUCCINYLCHOLINE,CABOZANTINIB | PIMAVANSERIN | RELUGOLIX | APREMILAST | IBRUTINIB | QUETIAPINE | TREPROSTINIL | ADAPALENE | AMBRISENTAN | ARIPIPRAZOLE | CANDESARTAN | CLOPIDOGREL | COCAINE | LACOSAMIDE | MACITENTAN | NINTEDANIB | OSIMERTINIB | RIOCIGUAT | SPARSENTAN | VENETOCLAX
1738,0.001762092697114368,-4.1528463841645776e-05,0.19811320304870605,0.18644067645072937,0.21276596188545227,-0.0263252854347229,21,11,10,DEXAMETHASONE | ONDANSETRON | BUDESONIDE | DEXAMETHASONE ACETATE | DROPERIDOL | HYDROCORTISONE | HYDROMORPHONE | KETAMINE | LEVOLEUCOVORIN | VINBLASTINE | VINCRISTINE,POMALIDOMIDE | ARIPIPRAZOLE | CHOLECALCIFEROL | CLOPIDOGREL | ERGOCALCIFEROL | ISOTRETINOIN | LEVONORGESTREL | RISPERIDONE | SPIRONOLACTONE | VENETOCLAX
231,0.0017262979178815157,0.00020287987307017932,0.07547169923782349,0.050847455859184265,0.10638298094272614,-0.05553552508354187,8,3,5,AZITHROMYCIN | HYDROMORPHONE | MORPHINE,TREPROSTINIL | ARIPIPRAZOLE | CHOLECALCIFEROL | ERGOCALCIFEROL | SPIRONOLACTONE
1582,0.0017200631269588941,0.0005467531178882842,0.04716981202363968,0.016949152573943138,0.08510638028383255,-0.06815722584724426,5,1,4,ENCORAFENIB,PALBOCICLIB | POMALIDOMIDE | ABEMACICLIB | OSIMERTINIB
95,0.001719583409041419,0.0006219758498641829,0.03773584961891174,0.0,0.08510638028383255,-0.08510638028383255,4,0,4,,CLOZAPINE | OLANZAPINE | QUETIAPINE | MIRTAZAPINE
1122,0.0017111082276335843,0.0005531972002768233,0.028301887214183807,0.0,0.06382978707551956,-0.06382978707551956,3,0,3,,CHOLECALCIFEROL | ERGOCALCIFEROL | LEVONORGESTREL
588,0.0016866614501363309,0.0004974575229614173,0.03773584961891174,0.0,0.08510638028383255,-0.08510638028383255,4,0,4,,CLOZAPINE | OLANZAPINE | QUETIAPINE | SPARSENTAN
750,0.0016791328995675481,-0.00025996168490563146,0.04716981202363968,0.08474576473236084,0.0,0.08474576473236084,5,5,0,CEFTRIAXONE | AZITHROMYCIN | HYDROMORPHONE | LEVOLEUCOVORIN | MORPHINE,
1612,0.0015622938235633085,-0.00028717804194416485,0.056603774428367615,0.10169491171836853,0.0,0.10169491171836853,6,6,0,DEXAMETHASONE | BUDESONIDE | DOXORUBICIN | METHYLPREDNISOLONE | VINBLASTINE | VINCRISTINE,
739,0.0015443883651398765,0.00010085413977193762,0.12264151126146317,0.10169491171836853,0.1489361673593521,-0.04724125564098358,13,6,7,AZITHROMYCIN | DEXCHLORPHENIRAMINE | LABETALOL | LEVOLEUCOVORIN | VINBLASTINE | VINCRISTINE,IBRUTINIB | TREPROSTINIL | CHOLECALCIFEROL | LISDEXAMFETAMINE | MIRTAZAPINE | NINTEDANIB | TROFINETIDE
1441,0.001535284704887448,-0.000590801937216765,0.03773584961891174,0.06779661029577255,0.0,0.06779661029577255,4,4,0,CEFTRIAXONE | CEFUROXIME | ROCURONIUM | CEFAZOLIN,
1066,0.00152236435478739,0.00035079802397390114,0.06603773683309555,0.050847455859184265,0.08510638028383255,-0.034258924424648285,7,3,4,CEFUROXIME | BORTEZOMIB | LABETALOL,FENFLURAMINE | LACOSAMIDE | LISDEXAMFETAMINE | METHAMPHETAMINE
1911,0.0014669348117076334,0.00015767558030454825,0.07547169923782349,0.050847455859184265,0.10638298094272614,-0.05553552508354187,8,3,5,BENDAMUSTINE | CHLORHEXIDINE GLUCONATE | DROPERIDOL,TREPROSTINIL | ARIPIPRAZOLE | CHOLECALCIFEROL | LISDEXAMFETAMINE | SPARSENTAN
491,0.0014214679613253195,0.00037174758233346396,0.04716981202363968,0.016949152573943138,0.08510638028383255,-0.06815722584724426,5,1,4,DICLOFENAC,PALBOCICLIB | ABEMACICLIB | OSIMERTINIB | VENETOCLAX
1386,0.0014211816005437574,-0.00012581413246511353,0.04716981202363968,0.08474576473236084,0.0,0.08474576473236084,5,5,0,HYDROCORTISONE | REMIFENTANIL | SUCCINYLCHOLINE | VINBLASTINE | VINCRISTINE,
674,0.0014171860826607777,0.00037344325773648124,0.028301887214183807,0.0,0.06382978707551956,-0.06382978707551956,3,0,3,,LETROZOLE | LEVONORGESTREL | SPARSENTAN
1291,0.0014061122749394598,0.00039859797951886586,0.028301887214183807,0.0,0.06382978707551956,-0.06382978707551956,3,0,3,,IBRUTINIB | TREPROSTINIL | TROFINETIDE
1783,0.001349510420792091,-0.00013837100198701687,0.056603774428367615,0.10169491171836853,0.0,0.10169491171836853,6,6,0,AZITHROMYCIN | CEFAZOLIN | DROPERIDOL | FLUDARABINE | VINBLASTINE | VINCRISTINE,
843,0.0013488595371307169,-0.00020249247640390442,0.1037735864520073,0.11864406615495682,0.08510638028383255,0.03353768587112427,11,7,4,ACETAMINOPHEN | ALBUTEROL | CHLORHEXIDINE GLUCONATE | ENCORAFENIB | LEVOLEUCOVORIN | MIDAZOLAM | ZOLEDRONIC ACID,CABOZANTINIB | RELUGOLIX | ALPRAZOLAM | LORAZEPAM
1508,0.00132674148609274,0.00031405149514172453,0.09433962404727936,0.06779661029577255,0.12765957415103912,-0.05986296385526657,10,4,6,CEFTRIAXONE | CEFUROXIME | PACLITAXEL | CEFAZOLIN,CLOZAPINE | POMALIDOMIDE | OLANZAPINE | QUETIAPINE | ARIPIPRAZOLE | VENETOCLAX
1993,0.0013241572995896095,0.00042249321795925657,0.056603774428367615,0.033898305147886276,0.08510638028383255,-0.051208075135946274,6,2,4,DROPERIDOL | MIDAZOLAM,PALBOCICLIB | RELUGOLIX | ALPRAZOLAM | IBRUTINIB
1035,0.0013221913355235995,-0.0003501262252794836,0.04716981202363968,0.08474576473236084,0.0,0.08474576473236084,5,5,0,PACLITAXEL | ROCURONIUM | DEXAMETHASONE ACETATE | VINBLASTINE | VINCRISTINE,
718,0.0013052135311491858,0.0002792621879194968,0.07547169923782349,0.050847455859184265,0.10638298094272614,-0.05553552508354187,8,3,5,PACLITAXEL | NAPROXEN | NEMTABRUTINIB,CABOZANTINIB | PIMAVANSERIN | IBRUTINIB | ARIPIPRAZOLE | VENLAFAXINE
1722,0.001291300416092964,0.000151790722281538,0.14150942862033844,0.11864406615495682,0.1702127605676651,-0.05156869441270828,15,7,8,LIDOCAINE | ONDANSETRON | PACLITAXEL | CEFAZOLIN | ETOPOSIDE | METAMIZOLE | MIDAZOLAM,PALBOCICLIB | ABEMACICLIB | ALPRAZOLAM | OLANZAPINE | AMBRISENTAN | ISOTRETINOIN | RISPERIDONE | SPARSENTAN
1670,0.0012485773191256778,0.0002752206430890676,0.06603773683309555,0.050847455859184265,0.08510638028383255,-0.034258924424648285,7,3,4,APREPITANT | DROPERIDOL | IOPAMIDOL,CABOZANTINIB | PIMAVANSERIN | FLUCONAZOLE | RISPERIDONE
504,0.0012357080277968031,0.0002799900419210077,0.09433962404727936,0.08474576473236084,0.10638298094272614,-0.021637216210365295,10,5,5,DEXAMETHASONE | BUDESONIDE | DEXAMETHASONE ACETATE | HYDROCORTISONE | METAMIZOLE,PALBOCICLIB | RELUGOLIX | LACOSAMIDE | RISPERIDONE | SPIRONOLACTONE
1101,0.0011960404627484092,-0.0004699910015195144,0.056603774428367615,0.06779661029577255,0.042553190141916275,0.025243420153856277,6,4,2,ONDANSETRON | CYTARABINE | METAMIZOLE | ZOLEDRONIC ACID,MACITENTAN | OSIMERTINIB
602,0.0011809953406523171,-0.00010346351661933512,0.04716981202363968,0.08474576473236084,0.0,0.08474576473236084,5,5,0,BENDAMUSTINE | GLYCOPYRROLATE | MELPHALAN | VINBLASTINE | VINCRISTINE,
259,0.0011584092828387078,0.00035205886454884493,0.028301887214183807,0.0,0.06382978707551956,-0.06382978707551956,3,0,3,,ARIPIPRAZOLE | FLUCONAZOLE | ISOTRETINOIN
119,0.0011488671899770487,-7.834877789401499e-05,0.056603774428367615,0.08474576473236084,0.021276595070958138,0.06346917152404785,6,5,1,CYTARABINE | DROPERIDOL | GLYCOPYRROLATE | VINBLASTINE | VINCRISTINE,NINTEDANIB
255,0.0011456148490394816,0.0004009975460570209,0.028301887214183807,0.0,0.06382978707551956,-0.06382978707551956,3,0,3,,PIMAVANSERIN | LACOSAMIDE | SPARSENTAN
1707,0.0011442983113155209,0.0006371834983788398,0.01886792480945587,0.0,0.042553190141916275,-0.042553190141916275,2,0,2,,POMALIDOMIDE | APREMILAST
1034,0.001133745203645631,0.00030440014655688666,0.03773584961891174,0.016949152573943138,0.06382978707551956,-0.046880632638931274,4,1,3,SUCCINYLCHOLINE,POMALIDOMIDE | ARIPIPRAZOLE | LORAZEPAM
1,0.0011323771592087748,-9.9650551000574e-05,0.3396226465702057,0.32203391194343567,0.3617021143436432,-0.03966820240020752,36,19,17,AMOXICILLIN | IOPROMIDE | PACLITAXEL | PROPOFOL | ALBUTEROL | APREPITANT | BORTEZOMIB | CHLORHEXIDINE GLUCONATE | DEXCHLORPHENIRAMINE | DIPHENHYDRAMINE | ENCORAFENIB | EPHEDRINE | IOPAMIDOL | LABETALOL | LEVOLEUCOVORIN | MELPHALAN | NAPROXEN | SEVOFLURANE | TREOSULFAN,PIMAVANSERIN | ABEMACICLIB | APREMILAST | TREPROSTINIL | AMBRISENTAN | CHOLECALCIFEROL | CLOPIDOGREL | COCAINE | ERGOCALCIFEROL | FENFLURAMINE | LACOSAMIDE | LETROZOLE | LISDEXAMFETAMINE | METHAMPHETAMINE | PSEUDOEPHEDRINE | TROFINETIDE | VENLAFAXINE
13,0.0010809272718034354,0.00018438820776393736,0.056603774428367615,0.033898305147886276,0.08510638028383255,-0.051208075135946274,6,2,4,DIPHENHYDRAMINE | SUCCINYLCHOLINE,QUETIAPINE | ARIPIPRAZOLE | LACOSAMIDE | MACITENTAN
798,0.0010436704612905208,0.0001852162863060753,0.03773584961891174,0.016949152573943138,0.06382978707551956,-0.046880632638931274,4,1,3,ISOSORBIDE DINITRATE,COCAINE | LACOSAMIDE | LEVONORGESTREL
857,0.0010363892645965068,0.0001506688146638885,0.04716981202363968,0.033898305147886276,0.06382978707551956,-0.029931481927633286,5,2,3,BORTEZOMIB | MELPHALAN,IBRUTINIB | LISDEXAMFETAMINE | METHAMPHETAMINE
1422,0.0010336457860542546,-0.0004858922744963597,0.028301887214183807,0.050847455859184265,0.0,0.050847455859184265,3,3,0,CEFTRIAXONE | CEFUROXIME | ONDANSETRON,
14,0.0010273521826986108,0.00015720299598359606,0.06603773683309555,0.033898305147886276,0.10638298094272614,-0.07248467206954956,7,2,5,REMIFENTANIL | SUFENTANIL,CLOZAPINE | OLANZAPINE | CLOPIDOGREL | MIRTAZAPINE | NINTEDANIB
1099,0.0010259104866711247,0.0002044350688342468,0.056603774428367615,0.033898305147886276,0.08510638028383255,-0.051208075135946274,6,2,4,CYTARABINE | FLUDARABINE,PALBOCICLIB | ABEMACICLIB | AZACITIDINE | LEVONORGESTREL
440,0.0010142755830713007,0.00023806933067571783,0.056603774428367615,0.033898305147886276,0.08510638028383255,-0.051208075135946274,6,2,4,CEFTRIAXONE | CEFUROXIME,CLOZAPINE | OLANZAPINE | QUETIAPINE | NINTEDANIB
1164,0.0009959482208020194,0.0003409372146767017,0.03773584961891174,0.016949152573943138,0.06382978707551956,-0.046880632638931274,4,1,3,CEFAZOLIN,RELUGOLIX | ALPRAZOLAM | CANDESARTAN
1360,0.000994249760062895,0.00016880660530508643,0.03773584961891174,0.016949152573943138,0.06382978707551956,-0.046880632638931274,4,1,3,SUCCINYLCHOLINE,CABOZANTINIB | CHOLECALCIFEROL | ERGOCALCIFEROL
1292,0.0009841389113723117,-0.00027882319924763584,0.1037735864520073,0.1355932205915451,0.06382978707551956,0.07176343351602554,11,8,3,DEXAMETHASONE | PACLITAXEL | ROCURONIUM | AZITHROMYCIN | BUDESONIDE | DEXAMETHASONE ACETATE | DOXORUBICIN | METHYLPREDNISOLONE,TREPROSTINIL | ADAPALENE | COCAINE
606,0.0009793842540150597,-1.533016435297591e-05,0.07547169923782349,0.10169491171836853,0.042553190141916275,0.059141721576452255,8,6,2,IOPROMIDE | PACLITAXEL | ALBUTEROL | CYTARABINE | ENCORAFENIB | LABETALOL,AZACITIDINE | COCAINE
747,0.0009683789321597551,0.00032213302490707776,0.04716981202363968,0.033898305147886276,0.06382978707551956,-0.029931481927633286,5,2,3,CEFTRIAXONE | CEFAZOLIN,APREMILAST | AZATHIOPRINE | FLUCONAZOLE
75,0.0009495903560954675,-0.00024308595119822162,0.04716981202363968,0.06779661029577255,0.021276595070958138,0.046520017087459564,5,4,1,CYTARABINE | DEXCHLORPHENIRAMINE | FLUDARABINE | METAMIZOLE,AZACITIDINE
1745,0.0009484694439915817,6.726738620570121e-05,0.06603773683309555,0.10169491171836853,0.021276595070958138,0.08041831851005554,7,6,1,APREPITANT | DROPERIDOL | GLYCOPYRROLATE | LEVOLEUCOVORIN | VINBLASTINE | VINCRISTINE,NINTEDANIB
2017,0.0009448447811150119,0.00021337175392526414,0.03773584961891174,0.016949152573943138,0.06382978707551956,-0.046880632638931274,4,1,3,GLYCOPYRROLATE,AMBRISENTAN | ERGOCALCIFEROL | FENFLURAMINE
1368,0.0009158937636833297,0.00024297330877279103,0.03773584961891174,0.016949152573943138,0.06382978707551956,-0.046880632638931274,4,1,3,LABETALOL,CHOLECALCIFEROL | ERGOCALCIFEROL | FENFLURAMINE
1980,0.0009082482016102884,0.00013950717404265426,0.09433962404727936,0.11864406615495682,0.06382978707551956,0.054814279079437256,10,7,3,ROCURONIUM | APREPITANT | HYDROMORPHONE | KETAMINE | MORPHINE | VINBLASTINE | VINCRISTINE,ADAPALENE | ARIPIPRAZOLE | VENETOCLAX
1487,0.0009067703869086086,1.816225801341372e-05,0.09433962404727936,0.08474576473236084,0.10638298094272614,-0.021637216210365295,10,5,5,AZITHROMYCIN | CYTARABINE | DOXORUBICIN | ETOPOSIDE | FLUDARABINE,AZACITIDINE | CLOPIDOGREL | FLUCONAZOLE | RISPERIDONE | VENETOCLAX
745,0.0009063654402912968,-0.0004626180321493272,0.03773584961891174,0.050847455859184265,0.021276595070958138,0.029570860788226128,4,3,1,ACETAMINOPHEN | AMOXICILLIN | CEFUROXIME,SPARSENTAN
456,0.0008958574566261591,0.00025896183765892783,0.056603774428367615,0.033898305147886276,0.08510638028383255,-0.051208075135946274,6,2,4,CEFTRIAXONE | CEFAZOLIN,ADAPALENE | CANDESARTAN | MESALAMINE | TAFAMIDIS
1443,0.0008920357856673861,0.0003270301750423911,0.028301887214183807,0.0,0.06382978707551956,-0.06382978707551956,3,0,3,,ABEMACICLIB | OSIMERTINIB | TAFAMIDIS
1145,0.0008843886402879792,-3.0075858571565032e-05,0.22641509771347046,0.22033898532390594,0.23404255509376526,-0.013703569769859314,24,13,11,CEFTRIAXONE | ONDANSETRON | APREPITANT | AZITHROMYCIN | BENDAMUSTINE | DROPERIDOL | HYDROMORPHONE | IFOSFAMIDE | METAMIZOLE | MORPHINE | REMIFENTANIL | SUFENTANIL | VINBLASTINE,CLOZAPINE | PIMAVANSERIN | AZATHIOPRINE | OLANZAPINE | QUETIAPINE | ARIPIPRAZOLE | COCAINE | MIRTAZAPINE | NINTEDANIB | OSIMERTINIB | RISPERIDONE
294,0.0008715837654394614,0.00017560838919015946,0.15094339847564697,0.1355932205915451,0.1702127605676651,-0.034619539976119995,16,8,8,LIDOCAINE | AZITHROMYCIN | BUDESONIDE | CEFAZOLIN | REMIFENTANIL | SUFENTANIL | VINBLASTINE | VINCRISTINE,ABEMACICLIB | APREMILAST | TREPROSTINIL | CANDESARTAN | FENFLURAMINE | LEVONORGESTREL | MACITENTAN | SPARSENTAN
1910,0.0008672721116265312,0.0003314137487422903,0.028301887214183807,0.0,0.06382978707551956,-0.06382978707551956,3,0,3,,PALBOCICLIB | IBRUTINIB | COCAINE
1312,0.0008672247575478183,5.721493195890123e-05,0.07547169923782349,0.06779661029577255,0.08510638028383255,-0.017309769988059998,8,4,4,CEFAZOLIN | ETOPOSIDE | VINBLASTINE | VINCRISTINE,POMALIDOMIDE | ADAPALENE | MIRTAZAPINE | NINTEDANIB
283,0.0008595583092324948,1.850838240250455e-05,0.1603773534297943,0.1525423675775528,0.1702127605676651,-0.017670392990112305,17,9,8,PROPOFOL | APREPITANT | BORTEZOMIB | ENCORAFENIB | EPHEDRINE | IOPAMIDOL | LABETALOL | NAPROXEN | VINCRISTINE,PIMAVANSERIN | ABEMACICLIB | CHOLECALCIFEROL | ERGOCALCIFEROL | FENFLURAMINE | LISDEXAMFETAMINE | METHAMPHETAMINE | PSEUDOEPHEDRINE
54,0.0008584449176440237,0.00020068773751957656,0.03773584961891174,0.016949152573943138,0.06382978707551956,-0.046880632638931274,4,1,3,VINBLASTINE,CLOPIDOGREL | NINTEDANIB | RIOCIGUAT
216,0.0008493374140608339,0.00043824023831889967,0.08490566164255142,0.06779661029577255,0.10638298094272614,-0.03858637064695358,9,4,5,CHLORHEXIDINE GLUCONATE | DEXCHLORPHENIRAMINE | ENCORAFENIB | MIDAZOLAM,CLOZAPINE | ALPRAZOLAM | LORAZEPAM | TAFAMIDIS | VENETOCLAX
1955,0.0008451827057212519,0.00047554574306964755,0.01886792480945587,0.0,0.042553190141916275,-0.042553190141916275,2,0,2,,PALBOCICLIB | ABEMACICLIB
1028,0.0008416407240580017,-3.3683664929930045e-06,0.1603773534297943,0.1355932205915451,0.19148936867713928,-0.05589614808559418,17,8,9,ROCURONIUM | BENDAMUSTINE | CYCLOPHOSPHAMIDE | GABAPENTIN | GLYCOPYRROLATE | IFOSFAMIDE | KETAMINE | MELPHALAN,PALBOCICLIB | IBRUTINIB | CHOLECALCIFEROL | ERGOCALCIFEROL | ISOTRETINOIN | RISPERIDONE | SPARSENTAN | TROFINETIDE | VENLAFAXINE
237,0.0008394698171102851,3.329604457206399e-05,0.056603774428367615,0.033898305147886276,0.08510638028383255,-0.051208075135946274,6,2,4,PROPOFOL | SUFENTANIL,APREMILAST | CANDESARTAN | CLOPIDOGREL | LORAZEPAM
1897,0.0008277085336133248,0.0001872253766345988,0.04716981202363968,0.033898305147886276,0.06382978707551956,-0.029931481927633286,5,2,3,VINBLASTINE | VINCRISTINE,RELUGOLIX | TREPROSTINIL | CANDESARTAN
1810,0.0008265400637513325,0.00027289604790214927,0.03773584961891174,0.016949152573943138,0.06382978707551956,-0.046880632638931274,4,1,3,NEMTABRUTINIB,AZATHIOPRINE | IBRUTINIB | MACITENTAN
177,0.000817345359817303,0.0002917245437314971,0.01886792480945587,0.0,0.042553190141916275,-0.042553190141916275,2,0,2,,METHAMPHETAMINE | SPIRONOLACTONE
444,0.0008170568288306018,0.00013517037587054318,0.028301887214183807,0.0,0.06382978707551956,-0.06382978707551956,3,0,3,,CHOLECALCIFEROL | ERGOCALCIFEROL | ISOTRETINOIN
519,0.0008135867244344241,-0.0001589049021720944,0.08490566164255142,0.11864406615495682,0.042553190141916275,0.07609087228775024,9,7,2,DEXAMETHASONE | ROCURONIUM | BUDESONIDE | DEXAMETHASONE ACETATE | HYDROCORTISONE | HYDROMORPHONE | METHYLPREDNISOLONE,LEVONORGESTREL | SPIRONOLACTONE
67,0.0008122475411677269,-9.278357484685018e-05,0.056603774428367615,0.08474576473236084,0.021276595070958138,0.06346917152404785,6,5,1,HYDROMORPHONE | MORPHINE | NEMTABRUTINIB | VINBLASTINE | VINCRISTINE,VENETOCLAX
79,0.0008082772354743884,0.00021017918844568664,0.04716981202363968,0.033898305147886276,0.06382978707551956,-0.029931481927633286,5,2,3,BORTEZOMIB | MELPHALAN,FENFLURAMINE | LISDEXAMFETAMINE | METHAMPHETAMINE
1470,0.0008073079995580045,0.00028662439446908253,0.028301887214183807,0.0,0.06382978707551956,-0.06382978707551956,3,0,3,,CLOZAPINE | OLANZAPINE | TROFINETIDE
389,0.0008068483952169117,0.00019888547323763334,0.35849055647850037,0.37288135290145874,0.3404255211353302,0.03245583176612854,38,22,16,AMOXICILLIN | CEFTRIAXONE | DICLOFENAC | PACLITAXEL | BENDAMUSTINE | BORTEZOMIB | CEFAZOLIN | CHLORHEXIDINE GLUCONATE | DEXCHLORPHENIRAMINE | DIPHENHYDRAMINE | EPHEDRINE | GABAPENTIN | GLYCOPYRROLATE | IFOSFAMIDE | LABETALOL | MELPHALAN | METAMIZOLE | NAPROXEN | NEMTABRUTINIB | REMIFENTANIL,ALPRAZOLAM | IBRUTINIB | TREPROSTINIL | ADAPALENE | AMBRISENTAN | CANDESARTAN | COCAINE | ISOTRETINOIN | LACOSAMIDE | LISDEXAMFETAMINE | MESALAMINE | METHAMPHETAMINE | NINTEDANIB | PSEUDOEPHEDRINE | TAFAMIDIS | TROFINETIDE
802,0.0008038604845221319,0.00030807261886579075,0.09433962404727936,0.08474576473236084,0.10638298094272614,-0.021637216210365295,10,5,5,PACLITAXEL | APREPITANT | ETOPOSIDE | ISOSORBIDE DINITRATE | NEMTABRUTINIB,RELUGOLIX | CANDESARTAN | HYDROCHLOROTHIAZIDE | RISPERIDONE | TROFINETIDE
1126,0.0007966141407918086,-6.683265681794981e-05,0.07547169923782349,0.10169491171836853,0.042553190141916275,0.059141721576452255,8,6,2,PACLITAXEL | ROCURONIUM | GLYCOPYRROLATE | REMIFENTANIL | VINBLASTINE | VINCRISTINE,AZACITIDINE | COCAINE
879,0.0007924818038067434,0.0003492629521963613,0.01886792480945587,0.0,0.042553190141916275,-0.042553190141916275,2,0,2,,POMALIDOMIDE | APREMILAST
1096,0.0007922244788003406,-0.00012230391133584125,0.06603773683309555,0.08474576473236084,0.042553190141916275,0.042192574590444565,7,5,2,BENDAMUSTINE | GLYCOPYRROLATE | MELPHALAN | REMIFENTANIL | SUFENTANIL,AMBRISENTAN | NINTEDANIB
1816,0.0007712643216110768,-0.00027092631103543054,0.08490566164255142,0.08474576473236084,0.08510638028383255,-0.0003606155514717102,9,5,4,ACETAMINOPHEN | IOPROMIDE | LIDOCAINE | CHLORHEXIDINE GLUCONATE | IOPAMIDOL,CABOZANTINIB | RELUGOLIX | APREMILAST | OSIMERTINIB
1477,0.0007558194761168915,0.00014250470015507856,0.03773584961891174,0.016949152573943138,0.06382978707551956,-0.046880632638931274,4,1,3,ROCURONIUM,CHOLECALCIFEROL | CLOPIDOGREL | ERGOCALCIFEROL
890,0.0007540771570139415,9.790271120084293e-05,0.04716981202363968,0.016949152573943138,0.08510638028383255,-0.06815722584724426,5,1,4,GLYCOPYRROLATE,PALBOCICLIB | CHOLECALCIFEROL | ERGOCALCIFEROL | LISDEXAMFETAMINE
1163,0.0007515072485230215,7.375976231370779e-05,0.1037735864520073,0.08474576473236084,0.12765957415103912,-0.042913809418678284,11,5,6,IOPROMIDE | AZITHROMYCIN | DEXCHLORPHENIRAMINE | DIPHENHYDRAMINE | METAMIZOLE,RELUGOLIX | QUETIAPINE | NINTEDANIB | OSIMERTINIB | RIOCIGUAT | VENLAFAXINE
1313,0.0007491430011358256,-0.00036408670289025794,0.028301887214183807,0.050847455859184265,0.0,0.050847455859184265,3,3,0,ACETAMINOPHEN | AMOXICILLIN | AZITHROMYCIN,
1057,0.0007477213493365064,-0.00014980587500630738,0.7452830076217651,0.7288135886192322,0.7659574747085571,-0.03714388608932495,79,43,36,ACETAMINOPHEN | AMOXICILLIN | CEFTRIAXONE | CEFUROXIME | DEXAMETHASONE | IOPROMIDE | LIDOCAINE | ONDANSETRON | PACLITAXEL | PROPOFOL | ROCURONIUM | ALBUTEROL | APREPITANT | AZITHROMYCIN | BENDAMUSTINE | BORTEZOMIB | BUDESONIDE | CEFAZOLIN | DEXAMETHASONE ACETATE | DEXCHLORPHENIRAMINE,CABOZANTINIB | CLOZAPINE | PALBOCICLIB | PIMAVANSERIN | RELUGOLIX | ABEMACICLIB | ALPRAZOLAM | APREMILAST | AZATHIOPRINE | OLANZAPINE | TREPROSTINIL | ADAPALENE | AMBRISENTAN | CANDESARTAN | CHOLECALCIFEROL | CLOPIDOGREL | COCAINE | ERGOCALCIFEROL | FENFLURAMINE | ISOTRETINOIN
859,0.0007467914756722543,-0.00024844335529449266,0.03773584961891174,0.06779661029577255,0.0,0.06779661029577255,4,4,0,CEFTRIAXONE | CEFUROXIME | CEFAZOLIN | ENCORAFENIB,
1855,0.000739413733695331,0.00019961392995567856,0.19811320304870605,0.16949152946472168,0.23404255509376526,-0.06455102562904358,21,10,11,CEFTRIAXONE | BENDAMUSTINE | CYTARABINE | ENCORAFENIB | FAMOTIDINE | FLUDARABINE | KETAMINE | LEVOLEUCOVORIN | MIDAZOLAM | NAPROXEN,PALBOCICLIB | ABEMACICLIB | ADAPALENE | AMBRISENTAN | AZACITIDINE | CANDESARTAN | OSIMERTINIB | RIOCIGUAT | RISPERIDONE | TAFAMIDIS | VENETOCLAX
1597,0.000737628609317529,-0.00014395510807811137,0.03773584961891174,0.050847455859184265,0.021276595070958138,0.029570860788226128,4,3,1,DICLOFENAC | DOXORUBICIN | LABETALOL,RIOCIGUAT
1249,0.0007172828643906547,0.00018953710154275726,0.028301887214183807,0.0,0.06382978707551956,-0.06382978707551956,3,0,3,,ADAPALENE | ARIPIPRAZOLE | TAFAMIDIS
1309,0.0007155828844562836,5.562705693213883e-06,0.07547169923782349,0.10169491171836853,0.042553190141916275,0.059141721576452255,8,6,2,DEXAMETHASONE | AZITHROMYCIN | DEXAMETHASONE ACETATE | DOXORUBICIN | ETOPOSIDE | METHYLPREDNISOLONE,PALBOCICLIB | VENETOCLAX
1047,0.0007072047802896533,0.0002297498789042176,0.028301887214183807,0.0,0.06382978707551956,-0.06382978707551956,3,0,3,,CANDESARTAN | MESALAMINE | TAFAMIDIS
1154,0.000707151696542603,-7.418280116488632e-05,0.1037735864520073,0.1525423675775528,0.042553190141916275,0.10998918116092682,11,9,2,DEXAMETHASONE | PACLITAXEL | AZITHROMYCIN | DEXAMETHASONE ACETATE | DOXORUBICIN | HYDROCORTISONE | METHYLPREDNISOLONE | VINBLASTINE | VINCRISTINE,LEVONORGESTREL | VENLAFAXINE
252,0.0007019209113311298,0.00017528163395785925,0.03773584961891174,0.016949152573943138,0.06382978707551956,-0.046880632638931274,4,1,3,ISOSORBIDE DINITRATE,PALBOCICLIB | HYDROCHLOROTHIAZIDE | SPARSENTAN
1573,0.0007016799613330156,-1.933002995553133e-05,0.08490566164255142,0.08474576473236084,0.08510638028383255,-0.0003606155514717102,9,5,4,ONDANSETRON | ALBUTEROL | IFOSFAMIDE | VINBLASTINE | VINCRISTINE,PIMAVANSERIN | LACOSAMIDE | OSIMERTINIB | RIOCIGUAT
708,0.0007011212534371439,0.00016213270215703293,0.03773584961891174,0.016949152573943138,0.06382978707551956,-0.046880632638931274,4,1,3,NEMTABRUTINIB,MACITENTAN | SPARSENTAN | VENLAFAXINE
1649,0.0006948065164151073,0.00021703757542993656,0.028301887214183807,0.0,0.06382978707551956,-0.06382978707551956,3,0,3,,ABEMACICLIB | MACITENTAN | NINTEDANIB
1255,0.0006920668632424567,0.0002732794053626651,0.028301887214183807,0.016949152573943138,0.042553190141916275,-0.025604037567973137,3,1,2,CEFUROXIME,POMALIDOMIDE | AMBRISENTAN
882,0.0006916380429917969,-0.0001721142927515622,0.04716981202363968,0.08474576473236084,0.0,0.08474576473236084,5,5,0,CEFTRIAXONE | CEFUROXIME | CEFAZOLIN | IOPAMIDOL | VINCRISTINE,
350,0.0006608792921214688,7.64463393242721e-05,0.09433962404727936,0.06779661029577255,0.12765957415103912,-0.05986296385526657,10,4,6,ENCORAFENIB | FAMOTIDINE | METAMIZOLE | TREOSULFAN,APREMILAST | HYDROCHLOROTHIAZIDE | LISDEXAMFETAMINE | MACITENTAN | SPARSENTAN | VENETOCLAX
687,0.0006592509858354816,0.00016757143528587783,0.04716981202363968,0.033898305147886276,0.06382978707551956,-0.029931481927633286,5,2,3,AZITHROMYCIN | DOXORUBICIN,PALBOCICLIB | ERGOCALCIFEROL | VENETOCLAX
521,0.0006590732050508186,-0.00011493842044357064,0.03773584961891174,0.06779661029577255,0.0,0.06779661029577255,4,4,0,PACLITAXEL | ROCURONIUM | VINBLASTINE | VINCRISTINE,
1733,0.0006570818984538839,8.113033671046756e-05,0.03773584961891174,0.016949152573943138,0.06382978707551956,-0.046880632638931274,4,1,3,AMOXICILLIN,COCAINE | NINTEDANIB | RISPERIDONE
1109,0.0006426401678769375,-0.0001353912210722282,0.03773584961891174,0.06779661029577255,0.0,0.06779661029577255,4,4,0,BENDAMUSTINE | CYCLOPHOSPHAMIDE | IFOSFAMIDE | MELPHALAN,
1157,0.0006405373035949727,0.00019793750687992803,0.028301887214183807,0.0,0.06382978707551956,-0.06382978707551956,3,0,3,,CHOLECALCIFEROL | ERGOCALCIFEROL | MACITENTAN
507,0.0006374217382489666,0.00021217132390463083,0.03773584961891174,0.016949152573943138,0.06382978707551956,-0.046880632638931274,4,1,3,SUFENTANIL,PIMAVANSERIN | RELUGOLIX | ABEMACICLIB
1904,0.0006287154772757201,0.00017255154678354813,0.04716981202363968,0.033898305147886276,0.06382978707551956,-0.029931481927633286,5,2,3,CYCLOPHOSPHAMIDE | IFOSFAMIDE,CLOZAPINE | OLANZAPINE | QUETIAPINE
1082,0.0006269773361221405,0.00018835937703653554,0.028301887214183807,0.0,0.06382978707551956,-0.06382978707551956,3,0,3,,IBRUTINIB | LISDEXAMFETAMINE | RIOCIGUAT
1456,0.0006218432170767243,-9.864612652746146e-05,0.04716981202363968,0.06779661029577255,0.021276595070958138,0.046520017087459564,5,4,1,BENDAMUSTINE | CYCLOPHOSPHAMIDE | IFOSFAMIDE | MELPHALAN,HYDROCHLOROTHIAZIDE
162,0.0006199869124575454,0.00012731422576702328,0.03773584961891174,0.016949152573943138,0.06382978707551956,-0.046880632638931274,4,1,3,CEFAZOLIN,RELUGOLIX | OLANZAPINE | SPARSENTAN
794,0.0006146024033162459,0.0001823820290738387,0.03773584961891174,0.016949152573943138,0.06382978707551956,-0.046880632638931274,4,1,3,BUDESONIDE,TREPROSTINIL | MACITENTAN | SPARSENTAN
202,0.0006140154747720436,-0.00017857966208437663,0.04716981202363968,0.06779661029577255,0.021276595070958138,0.046520017087459564,5,4,1,PROPOFOL | CEFAZOLIN | DOXORUBICIN | ETOPOSIDE,NINTEDANIB
1683,0.0006111435718760396,-0.00016964245124183325,0.18867924809455872,0.18644067645072937,0.19148936867713928,-0.005048692226409912,20,11,9,DICLOFENAC | BENDAMUSTINE | CHLORHEXIDINE GLUCONATE | CYCLOPHOSPHAMIDE | DEXCHLORPHENIRAMINE | ENCORAFENIB | IFOSFAMIDE | KETAMINE | MELPHALAN | MIDAZOLAM | NEMTABRUTINIB,CLOZAPINE | ALPRAZOLAM | ARIPIPRAZOLE | CANDESARTAN | CLOPIDOGREL | HYDROCHLOROTHIAZIDE | LORAZEPAM | TAFAMIDIS | VENETOCLAX
1274,0.0006095922587163121,3.969855000720163e-05,0.14150942862033844,0.1525423675775528,0.12765957415103912,0.024882793426513672,15,9,6,AMOXICILLIN | DEXAMETHASONE | PACLITAXEL | ROCURONIUM | AZITHROMYCIN | BUDESONIDE | DEXAMETHASONE ACETATE | HYDROCORTISONE | METHYLPREDNISOLONE,CHOLECALCIFEROL | ERGOCALCIFEROL | ISOTRETINOIN | SPIRONOLACTONE | TROFINETIDE | VENETOCLAX
1747,0.000607426186096817,0.00013617723344669846,0.06603773683309555,0.050847455859184265,0.08510638028383255,-0.034258924424648285,7,3,4,ONDANSETRON | DOXORUBICIN | ENCORAFENIB,POMALIDOMIDE | APREMILAST | MACITENTAN | TAFAMIDIS
323,0.0006052130455819333,0.0001628878314671771,0.03773584961891174,0.016949152573943138,0.06382978707551956,-0.046880632638931274,4,1,3,ENCORAFENIB,ABEMACICLIB | IBRUTINIB | RIOCIGUAT
950,0.0006013027264370703,-0.00017629819438667887,0.04716981202363968,0.06779661029577255,0.021276595070958138,0.046520017087459564,5,4,1,ROCURONIUM | APREPITANT | CYCLOPHOSPHAMIDE | IFOSFAMIDE,VENETOCLAX
622,0.000595072146963926,7.60625642073944e-05,0.08490566164255142,0.08474576473236084,0.08510638028383255,-0.0003606155514717102,9,5,4,ROCURONIUM | BUDESONIDE | ETOPOSIDE | HYDROCORTISONE | METHYLPREDNISOLONE,RELUGOLIX | TREPROSTINIL | LEVONORGESTREL | RISPERIDONE
1152,0.0005927319783371863,6.23680954828831e-05,0.4150943458080292,0.4067796468734741,0.42553192377090454,-0.01875227689743042,44,24,20,ACETAMINOPHEN | AMOXICILLIN | CEFTRIAXONE | CEFUROXIME | DICLOFENAC | IOPROMIDE | LIDOCAINE | PACLITAXEL | ALBUTEROL | BORTEZOMIB | CEFAZOLIN | CHLORHEXIDINE GLUCONATE | ENCORAFENIB | EPHEDRINE | IFOSFAMIDE | IOPAMIDOL | KETAMINE | LABETALOL | LEVOLEUCOVORIN | NEMTABRUTINIB,CABOZANTINIB | PALBOCICLIB | PIMAVANSERIN | RELUGOLIX | ABEMACICLIB | APREMILAST | CLOPIDOGREL | COCAINE | FENFLURAMINE | LACOSAMIDE | LISDEXAMFETAMINE | MACITENTAN | METHAMPHETAMINE | NINTEDANIB | OSIMERTINIB | PSEUDOEPHEDRINE | RIOCIGUAT | SPARSENTAN | TROFINETIDE | VENETOCLAX
1013,0.0005921685468425943,0.0003075535831388439,0.01886792480945587,0.0,0.042553190141916275,-0.042553190141916275,2,0,2,,PALBOCICLIB | APREMILAST
1039,0.0005909606128850158,8.304559382760604e-05,0.12264151126146317,0.10169491171836853,0.1489361673593521,-0.04724125564098358,13,6,7,DICLOFENAC | LIDOCAINE | PROPOFOL | DOXORUBICIN | HYDROMORPHONE | MORPHINE,POMALIDOMIDE | RELUGOLIX | APREMILAST | TREPROSTINIL | ARIPIPRAZOLE | CANDESARTAN | FENFLURAMINE
927,0.0005865209023289472,0.00019883285854822326,0.03773584961891174,0.016949152573943138,0.06382978707551956,-0.046880632638931274,4,1,3,SUFENTANIL,CLOZAPINE | OLANZAPINE | QUETIAPINE
140,0.0005818607447651102,1.31639891716807e-05,0.056603774428367615,0.08474576473236084,0.021276595070958138,0.06346917152404785,6,5,1,CEFUROXIME | AZITHROMYCIN | CHLORHEXIDINE GLUCONATE | FAMOTIDINE | LABETALOL,APREMILAST
1008,0.000581310729840395,0.00020357062521589463,0.01886792480945587,0.0,0.042553190141916275,-0.042553190141916275,2,0,2,,AZACITIDINE | OSIMERTINIB
182,0.0005778905305111587,-0.00019428626404262788,0.03773584961891174,0.06779661029577255,0.0,0.06779661029577255,4,4,0,DEXAMETHASONE | BUDESONIDE | DEXAMETHASONE ACETATE | HYDROCORTISONE,
1174,0.0005777358882346331,-0.00021458083849377777,0.028301887214183807,0.050847455859184265,0.0,0.050847455859184265,3,3,0,IOPROMIDE | HYDROMORPHONE | MORPHINE,
699,0.0005770498727306091,0.00018437381371955595,0.11320754885673523,0.08474576473236084,0.1489361673593521,-0.06419040262699127,12,5,7,APREPITANT | DROPERIDOL | ENCORAFENIB | FLUDARABINE | MIDAZOLAM,CABOZANTINIB | PIMAVANSERIN | RELUGOLIX | ABEMACICLIB | FLUCONAZOLE | RIOCIGUAT | RISPERIDONE
