original_path,recommended_action,recommended_public_path,priority,file_type,size_mb,reason,risk_or_note,csv_header_preview
03_autofill_structure_master_pubchem_v2.py,KEEP_RENAME,scripts/01_autofill_structure_master_pubchem.py,primary,.py,0.024,Selected for public draft repository; renamed or relocated for clearer structure.,,
04b_make_gnn_dataset_from_exported_faers_files_colab.py,KEEP_RENAME,scripts/02_make_model_ready_dataset.py,primary,.py,0.017,Selected for public draft repository; renamed or relocated for clearer structure.,,
05_train_ecfp_baseline_models_colab.py,KEEP_RENAME,scripts/03_train_ecfp_baseline.py,primary,.py,0.024,Selected for public draft repository; renamed or relocated for clearer structure.,,
06_scaffold_split_ecfp_baseline_colab.py,KEEP_RENAME,scripts/04_scaffold_split_ecfp.py,primary,.py,0.032,Selected for public draft repository; renamed or relocated for clearer structure.,,
07_sensitivity_analysis_ecfp_rf_colab.py,KEEP_RENAME,scripts/05_sensitivity_analysis_ecfp_rf.py,primary,.py,0.037,Selected for public draft repository; renamed or relocated for clearer structure.,,
08_make_manuscript_figures_v2_colab.py,KEEP_RENAME,scripts/07_make_manuscript_figures_v2.py,primary,.py,0.02,Selected for public draft repository; renamed or relocated for clearer structure.,,
08_make_manuscript_tables_figures_colab.py,KEEP_RENAME,scripts/06_make_manuscript_tables_and_figures.py,primary,.py,0.031,Selected for public draft repository; renamed or relocated for clearer structure.,,
09_interpret_final_rf_shap_heatmap_colab.py,KEEP_RENAME,scripts/08_interpret_final_rf_shap_heatmap.py,primary,.py,0.025,Selected for public draft repository; renamed or relocated for clearer structure.,,
10_interpretable_shap_descriptors_colab.py,KEEP_RENAME,scripts/09_interpretable_shap_descriptors.py,primary,.py,0.028,Selected for public draft repository; renamed or relocated for clearer structure.,,
11_treatment_confounding_sensitivity_colab.py,KEEP_RENAME,scripts/10_treatment_confounding_sensitivity.py,primary,.py,0.038,Selected for public draft repository; renamed or relocated for clearer structure.,,
Untitled0.ipynb,EXCLUDE,,exclude,.ipynb,0.342,"Exploratory Colab notebook with execution outputs, personal Colab metadata, and absolute Google Drive paths.",Contains execution history and local path information.,
drug_structure_master_curated_v1_template.xlsx,ARCHIVE_LOCAL,,local_archive,.xlsx,0.039,Intermediate structure-curation output; final curation file retained instead.,Intermediate version could confuse curation provenance.,
drug_structure_master_curated_v2_review_template.xlsx,KEEP_RENAME,data/curation/drug_structure_master_curation_review_template.xlsx,supporting,.xlsx,0.147,Selected for public draft repository; renamed or relocated for clearer structure.,Check data redistribution/license before public release.,
drug_structure_master_curated_v2_review_template_checked.xlsx,KEEP_RENAME,data/curation/drug_structure_master_curation_review_checked.xlsx,supporting,.xlsx,0.125,Selected for public draft repository; renamed or relocated for clearer structure.,Check data redistribution/license before public release.,
faers_minimal_export/drug_clean.csv,EXCLUDE_REVIEW,,release_or_zenodo_candidate,.csv,34.771,Raw/minimal FAERS/AEMS-derived export; not needed for model-ready reproduction and redistribution should be checked.,Redistribution terms and file-size workflow require review.,"primaryid, drugname_upper, role_cod"
faers_minimal_export/export_summary.txt,KEEP_RENAME,data/source_summary/faers_export_summary.txt,supporting,.txt,0.001,Selected for public draft repository; renamed or relocated for clearer structure.,Check data redistribution/license before public release.,
faers_minimal_export/export_summary.xlsx,KEEP_RENAME,data/source_summary/faers_export_summary.xlsx,supporting,.xlsx,0.01,Selected for public draft repository; renamed or relocated for clearer structure.,Check data redistribution/license before public release.,
faers_minimal_export/latest_case_flags.csv,EXCLUDE_REVIEW,,release_or_zenodo_candidate,.csv,5.354,Raw/minimal FAERS/AEMS-derived export; not needed for model-ready reproduction and redistribution should be checked.,Redistribution terms and file-size workflow require review.,"primaryid, strict_shock, broad_anaphylaxis"
input/drug_structure_master.xlsx,KEEP_RENAME,data/processed/drug_structure_master.xlsx,primary,.xlsx,0.025,Selected for public draft repository; renamed or relocated for clearer structure.,Check data redistribution/license before public release.,
output/drug_structure_master_curated_v1_autofill_20260521_060542.xlsx,ARCHIVE_LOCAL,,local_archive,.xlsx,0.018,Intermediate structure-curation output; final curation file retained instead.,Intermediate version could confuse curation provenance.,
output/drug_structure_master_curated_v1_autofill_20260521_060903.xlsx,ARCHIVE_LOCAL,,local_archive,.xlsx,0.119,Intermediate structure-curation output; final curation file retained instead.,Intermediate version could confuse curation provenance.,
output/drug_structure_master_curated_v1_autofill_v2_20260521_062349.xlsx,ARCHIVE_LOCAL,,local_archive,.xlsx,0.135,Intermediate structure-curation output; final curation file retained instead.,Intermediate version could confuse curation provenance.,
output/ecfp_baseline_fold_metrics_20260521_093807.csv,EXCLUDE_SUPERSEDED,,exclude,.csv,0.047,Superseded by later timestamped outputs retained in the public draft.,Duplicate/confusing result version.,"roc_auc, pr_auc, balanced_accuracy, accuracy, sensitivity, specificity, precision, f1, mcc, brier, tn, fp, fn, tp, threshold, model, fold, threshold_type, n_train, n_test ..."
output/ecfp_baseline_fold_metrics_20260521_100119.csv,KEEP_RENAME,results/tables/ecfp_baseline_fold_metrics_20260521_100119.csv,supporting,.csv,0.187,Selected for public draft repository; renamed or relocated for clearer structure.,,"roc_auc, pr_auc, balanced_accuracy, accuracy, sensitivity, specificity, precision, f1, mcc, brier, tn, fp, fn, tp, threshold, model, fold, threshold_type, n_train, n_test ..."
output/ecfp_baseline_fold_predictions_20260521_093807.csv,EXCLUDE_SUPERSEDED,,exclude,.csv,0.35,Superseded by later timestamped outputs retained in the public draft.,Duplicate/confusing result version.,"model, fold, analysis_drug_name, model_label, label_weight, faers_signal_class, canonical_smiles, inchikey, prob_positive, pred_0.5, pred_train_youden, train_youden_threshold"
output/ecfp_baseline_fold_predictions_20260521_100119.csv,KEEP_RENAME,results/tables/ecfp_baseline_fold_predictions_20260521_100119.csv,supporting,.csv,1.401,Selected for public draft repository; renamed or relocated for clearer structure.,,"model, fold, analysis_drug_name, model_label, label_weight, faers_signal_class, canonical_smiles, inchikey, prob_positive, pred_0.5, pred_train_youden, train_youden_threshold"
output/ecfp_baseline_model_summary_20260521_093807.csv,EXCLUDE_SUPERSEDED,,exclude,.csv,0.005,Superseded by later timestamped outputs retained in the public draft.,Duplicate/confusing result version.,"model, metric, n, mean, sd, median, q025, q975"
output/ecfp_baseline_model_summary_20260521_100119.csv,KEEP_RENAME,results/tables/ecfp_baseline_model_summary_20260521_100119.csv,supporting,.csv,0.005,Selected for public draft repository; renamed or relocated for clearer structure.,,"model, metric, n, mean, sd, median, q025, q975"
output/ecfp_baseline_results_20260521_093807.xlsx,EXCLUDE_SUPERSEDED,,exclude,.xlsx,0.268,Superseded by later timestamped outputs retained in the public draft.,Duplicate/confusing result version.,
output/ecfp_baseline_results_20260521_100119.xlsx,KEEP_RENAME,results/tables/ecfp_baseline_results_20260521_100119.xlsx,supporting,.xlsx,0.93,Selected for public draft repository; renamed or relocated for clearer structure.,,
output/figure1_dataset_workflow.pdf,EXCLUDE_DUPLICATE_FIGURE,,exclude,.pdf,0.023,Superseded by output_v2 final figures or redundant format.,May confuse manuscript figure version control.,
output/figure1_dataset_workflow.png,EXCLUDE_DUPLICATE_FIGURE,,exclude,.png,0.632,Superseded by output_v2 final figures or redundant format.,May confuse manuscript figure version control.,
output/figure1_dataset_workflow.svg,EXCLUDE_DUPLICATE_FIGURE,,exclude,.svg,0.014,Superseded by output_v2 final figures or redundant format.,May confuse manuscript figure version control.,
output/figure2_model_performance.pdf,EXCLUDE_DUPLICATE_FIGURE,,exclude,.pdf,0.013,Superseded by output_v2 final figures or redundant format.,May confuse manuscript figure version control.,
output/figure2_model_performance.png,EXCLUDE_DUPLICATE_FIGURE,,exclude,.png,0.375,Superseded by output_v2 final figures or redundant format.,May confuse manuscript figure version control.,
output/figure2_model_performance.svg,EXCLUDE_DUPLICATE_FIGURE,,exclude,.svg,0.018,Superseded by output_v2 final figures or redundant format.,May confuse manuscript figure version control.,
output/figure2b_model_performance_pr_auc.pdf,EXCLUDE_DUPLICATE_FIGURE,,exclude,.pdf,0.013,Superseded by output_v2 final figures or redundant format.,May confuse manuscript figure version control.,
output/figure2b_model_performance_pr_auc.png,EXCLUDE_DUPLICATE_FIGURE,,exclude,.png,0.364,Superseded by output_v2 final figures or redundant format.,May confuse manuscript figure version control.,
output/figure2b_model_performance_pr_auc.svg,EXCLUDE_DUPLICATE_FIGURE,,exclude,.svg,0.018,Superseded by output_v2 final figures or redundant format.,May confuse manuscript figure version control.,
output/figure2c_model_performance_balanced_accuracy.pdf,EXCLUDE_DUPLICATE_FIGURE,,exclude,.pdf,0.013,Superseded by output_v2 final figures or redundant format.,May confuse manuscript figure version control.,
output/figure2c_model_performance_balanced_accuracy.png,EXCLUDE_DUPLICATE_FIGURE,,exclude,.png,0.375,Superseded by output_v2 final figures or redundant format.,May confuse manuscript figure version control.,
output/figure2c_model_performance_balanced_accuracy.svg,EXCLUDE_DUPLICATE_FIGURE,,exclude,.svg,0.018,Superseded by output_v2 final figures or redundant format.,May confuse manuscript figure version control.,
output/figure3_sensitivity_analysis.pdf,EXCLUDE_DUPLICATE_FIGURE,,exclude,.pdf,0.015,Superseded by output_v2 final figures or redundant format.,May confuse manuscript figure version control.,
output/figure3_sensitivity_analysis.png,EXCLUDE_DUPLICATE_FIGURE,,exclude,.png,0.54,Superseded by output_v2 final figures or redundant format.,May confuse manuscript figure version control.,
output/figure3_sensitivity_analysis.svg,EXCLUDE_DUPLICATE_FIGURE,,exclude,.svg,0.024,Superseded by output_v2 final figures or redundant format.,May confuse manuscript figure version control.,
output/figure3b_sensitivity_analysis_pr_auc.pdf,EXCLUDE_DUPLICATE_FIGURE,,exclude,.pdf,0.015,Superseded by output_v2 final figures or redundant format.,May confuse manuscript figure version control.,
output/figure3b_sensitivity_analysis_pr_auc.png,EXCLUDE_DUPLICATE_FIGURE,,exclude,.png,0.541,Superseded by output_v2 final figures or redundant format.,May confuse manuscript figure version control.,
output/figure3b_sensitivity_analysis_pr_auc.svg,EXCLUDE_DUPLICATE_FIGURE,,exclude,.svg,0.024,Superseded by output_v2 final figures or redundant format.,May confuse manuscript figure version control.,
output/figure3c_sensitivity_analysis_balanced_accuracy.pdf,EXCLUDE_DUPLICATE_FIGURE,,exclude,.pdf,0.015,Superseded by output_v2 final figures or redundant format.,May confuse manuscript figure version control.,
output/figure3c_sensitivity_analysis_balanced_accuracy.png,EXCLUDE_DUPLICATE_FIGURE,,exclude,.png,0.504,Superseded by output_v2 final figures or redundant format.,May confuse manuscript figure version control.,
output/figure3c_sensitivity_analysis_balanced_accuracy.svg,EXCLUDE_DUPLICATE_FIGURE,,exclude,.svg,0.024,Superseded by output_v2 final figures or redundant format.,May confuse manuscript figure version control.,
output/figure4_drug_probability_distribution.pdf,EXCLUDE_DUPLICATE_FIGURE,,exclude,.pdf,0.019,Superseded by output_v2 final figures or redundant format.,May confuse manuscript figure version control.,
output/figure4_drug_probability_distribution.png,EXCLUDE_DUPLICATE_FIGURE,,exclude,.png,1.648,Superseded by output_v2 final figures or redundant format.,May confuse manuscript figure version control.,
output/figure4_drug_probability_distribution.svg,EXCLUDE_DUPLICATE_FIGURE,,exclude,.svg,0.077,Superseded by output_v2 final figures or redundant format.,May confuse manuscript figure version control.,
output/figure4b_label_review_candidates.pdf,EXCLUDE_DUPLICATE_FIGURE,,exclude,.pdf,0.015,Superseded by output_v2 final figures or redundant format.,May confuse manuscript figure version control.,
output/figure4b_label_review_candidates.png,EXCLUDE_DUPLICATE_FIGURE,,exclude,.png,0.539,Superseded by output_v2 final figures or redundant format.,May confuse manuscript figure version control.,
output/figure4b_label_review_candidates.svg,EXCLUDE_DUPLICATE_FIGURE,,exclude,.svg,0.018,Superseded by output_v2 final figures or redundant format.,May confuse manuscript figure version control.,
output/gnn_dataset_all_labels_colab_20260521_085012.csv,KEEP_RENAME,data/processed/all_labels.csv,primary,.csv,2.295,Selected for public draft repository; renamed or relocated for clearer structure.,Check data redistribution/license before public release.,"analysis_drug_name, a_psss, b_psss, c_psss, d_psss, total_exposed_psss, ror_psss, lower_ci_psss, upper_ci_psss, se_logror_psss, a_ps, b_ps, c_ps, d_ps, total_exposed_ps, ror_ps, lower_ci_ps, upper_ci_ps, se_logror_ps, total_exposed_psss_for_broad ..."
output/gnn_dataset_anaphylaxis_colab_20260521_085012.xlsx,ARCHIVE_LOCAL,,local_archive,.xlsx,1.59,Intermediate or nonessential output not selected for minimal public repository.,Could be added to release archive if complete audit trail is needed.,
output/gnn_dataset_model_ready_colab_20260521_085012.csv,KEEP_RENAME,data/processed/model_ready.csv,primary,.csv,0.046,Selected for public draft repository; renamed or relocated for clearer structure.,Check data redistribution/license before public release.,"analysis_drug_name, a_psss, b_psss, c_psss, d_psss, total_exposed_psss, ror_psss, lower_ci_psss, upper_ci_psss, se_logror_psss, a_ps, b_ps, c_ps, d_ps, total_exposed_ps, ror_ps, lower_ci_ps, upper_ci_ps, se_logror_ps, total_exposed_psss_for_broad ..."
output/manuscript_generation_manifest_20260522_025524.csv,KEEP_RENAME,results/tables/manuscript_generation_manifest_20260522_025524.csv,supporting,.csv,0.001,Selected for public draft repository; renamed or relocated for clearer structure.,,"key, path"
output/manuscript_tables_20260522_025524.xlsx,KEEP_RENAME,results/tables/manuscript_tables_20260522_025524.xlsx,supporting,.xlsx,0.016,Selected for public draft repository; renamed or relocated for clearer structure.,,
output/pubchem_cache.json,KEEP_RENAME,data/cache/pubchem_cache.json,supporting,.json,0.916,Selected for public draft repository; renamed or relocated for clearer structure.,Check data redistribution/license before public release.,
output/scaffold_split_ecfp_fold_metrics_20260522_001401.csv,KEEP_RENAME,results/tables/scaffold_split_ecfp_fold_metrics_20260522_001401.csv,supporting,.csv,0.149,Selected for public draft repository; renamed or relocated for clearer structure.,,"roc_auc, pr_auc, balanced_accuracy, accuracy, sensitivity, specificity, precision, f1, mcc, brier, tn, fp, fn, tp, threshold, model, fold, split_method, threshold_type, n_train ..."
output/scaffold_split_ecfp_fold_predictions_20260522_001401.csv,KEEP_RENAME,results/tables/scaffold_split_ecfp_fold_predictions_20260522_001401.csv,supporting,.csv,1.366,Selected for public draft repository; renamed or relocated for clearer structure.,,"model, fold, split_method, analysis_drug_name, model_label, label_weight, faers_signal_class, scaffold_key, canonical_smiles, inchikey, prob_positive, pred_0.5, pred_train_youden, train_youden_threshold"
output/scaffold_split_ecfp_model_summary_20260522_001401.csv,KEEP_RENAME,results/tables/scaffold_split_ecfp_model_summary_20260522_001401.csv,supporting,.csv,0.007,Selected for public draft repository; renamed or relocated for clearer structure.,,"model, threshold_type, metric, n, mean, sd, median, q025, q975"
output/scaffold_split_ecfp_results_20260522_001401.xlsx,KEEP_RENAME,results/tables/scaffold_split_ecfp_results_20260522_001401.xlsx,supporting,.xlsx,0.872,Selected for public draft repository; renamed or relocated for clearer structure.,,
output/scaffold_split_scaffold_summary_20260522_001401.csv,KEEP_RENAME,results/tables/scaffold_split_scaffold_summary_20260522_001401.csv,supporting,.csv,0.006,Selected for public draft repository; renamed or relocated for clearer structure.,,"scaffold_key, n, n_pos, n_neg, drugs, classes, pos_rate"
output/sensitivity_ecfp_rf_bit_importance_20260522_023122.csv,KEEP_RENAME,results/tables/sensitivity_ecfp_rf_bit_importance_20260522_023122.csv,supporting,.csv,0.324,Selected for public draft repository; renamed or relocated for clearer structure.,,"scenario, bit, importance, pos_freq, neg_freq, pos_minus_neg_freq, n_on, n_pos_on, n_neg_on, example_positive_drugs, example_negative_drugs, bitinfo_examples"
output/sensitivity_ecfp_rf_drug_probability_summary_20260522_023122.csv,KEEP_RENAME,results/tables/sensitivity_ecfp_rf_drug_probability_summary_20260522_023122.csv,supporting,.csv,0.079,Selected for public draft repository; renamed or relocated for clearer structure.,,"scenario, split_type, analysis_drug_name, model_label, faers_signal_class, mean_prob_positive, sd_prob_positive, median_prob_positive, n_predictions, mean_pred_0_5, mean_pred_train_youden, potential_false_positive, potential_false_negative"
output/sensitivity_ecfp_rf_fold_metrics_20260522_023122.csv,KEEP_RENAME,results/tables/sensitivity_ecfp_rf_fold_metrics_20260522_023122.csv,supporting,.csv,0.451,Selected for public draft repository; renamed or relocated for clearer structure.,,"roc_auc, pr_auc, balanced_accuracy, accuracy, sensitivity, specificity, precision, f1, mcc, brier, tn, fp, fn, tp, threshold, scenario, split_type, fold, split_method, threshold_type ..."
output/sensitivity_ecfp_rf_metric_summary_20260522_023122.csv,KEEP_RENAME,results/tables/sensitivity_ecfp_rf_metric_summary_20260522_023122.csv,supporting,.csv,0.024,Selected for public draft repository; renamed or relocated for clearer structure.,,"scenario, split_type, threshold_type, metric, n, mean, sd, median, q025, q975"
output/sensitivity_ecfp_rf_results_20260522_023122.xlsx,KEEP_RENAME,results/tables/sensitivity_ecfp_rf_results_20260522_023122.xlsx,supporting,.xlsx,1.703,Selected for public draft repository; renamed or relocated for clearer structure.,,
output/structure_curation_summary_20260521_060542.xlsx,ARCHIVE_LOCAL,,local_archive,.xlsx,0.009,Intermediate structure-curation output; final curation file retained instead.,Intermediate version could confuse curation provenance.,
output/structure_curation_summary_20260521_060903.xlsx,ARCHIVE_LOCAL,,local_archive,.xlsx,0.054,Intermediate structure-curation output; final curation file retained instead.,Intermediate version could confuse curation provenance.,
output/structure_curation_summary_v2_20260521_062349.xlsx,ARCHIVE_LOCAL,,local_archive,.xlsx,0.017,Intermediate structure-curation output; final curation file retained instead.,Intermediate version could confuse curation provenance.,
output/supplementary_figure_s1_permutation_summary.pdf,KEEP_RENAME,results/figures/supplementary/supplementary_figure_s1_permutation_summary.pdf,supporting,.pdf,0.015,Selected for public draft repository; renamed or relocated for clearer structure.,,
output/supplementary_figure_s1_permutation_summary.png,KEEP_RENAME,results/figures/supplementary/supplementary_figure_s1_permutation_summary.png,supporting,.png,0.507,Selected for public draft repository; renamed or relocated for clearer structure.,,
output/supplementary_figure_s1_permutation_summary.svg,KEEP_RENAME,results/figures/supplementary/supplementary_figure_s1_permutation_summary.svg,supporting,.svg,0.019,Selected for public draft repository; renamed or relocated for clearer structure.,,
output/supplementary_figure_s2_scaffold_distribution.pdf,KEEP_RENAME,results/figures/supplementary/supplementary_figure_s2_scaffold_distribution.pdf,supporting,.pdf,0.017,Selected for public draft repository; renamed or relocated for clearer structure.,,
output/supplementary_figure_s2_scaffold_distribution.png,KEEP_RENAME,results/figures/supplementary/supplementary_figure_s2_scaffold_distribution.png,supporting,.png,1.0,Selected for public draft repository; renamed or relocated for clearer structure.,,
output/supplementary_figure_s2_scaffold_distribution.svg,KEEP_RENAME,results/figures/supplementary/supplementary_figure_s2_scaffold_distribution.svg,supporting,.svg,0.03,Selected for public draft repository; renamed or relocated for clearer structure.,,
output/supplementary_figure_s3_top_ecfp_bits.pdf,KEEP_RENAME,results/figures/supplementary/supplementary_figure_s3_top_ecfp_bits.pdf,supporting,.pdf,0.013,Selected for public draft repository; renamed or relocated for clearer structure.,,
output/supplementary_figure_s3_top_ecfp_bits.png,KEEP_RENAME,results/figures/supplementary/supplementary_figure_s3_top_ecfp_bits.png,supporting,.png,0.43,Selected for public draft repository; renamed or relocated for clearer structure.,,
output/supplementary_figure_s3_top_ecfp_bits.svg,KEEP_RENAME,results/figures/supplementary/supplementary_figure_s3_top_ecfp_bits.svg,supporting,.svg,0.029,Selected for public draft repository; renamed or relocated for clearer structure.,,
output/supplementary_tables_20260522_025524.xlsx,KEEP_RENAME,results/tables/supplementary_tables_20260522_025524.xlsx,supporting,.xlsx,1.705,Selected for public draft repository; renamed or relocated for clearer structure.,,
output_interpretable_shap/README_interpretable_SHAP_20260522_041158.txt,KEEP_RENAME,results/tables/interpretation/README_interpretable_SHAP_20260522_041158.txt,supporting,.txt,0.001,Selected for public draft repository; renamed or relocated for clearer structure.,,
output_interpretable_shap/figure_interpretable_shap_bar.pdf,KEEP_RENAME,results/figures/interpretation/figure_interpretable_shap_bar.pdf,supporting,.pdf,0.017,Selected for public draft repository; renamed or relocated for clearer structure.,,
output_interpretable_shap/figure_interpretable_shap_bar.png,KEEP_RENAME,results/figures/interpretation/figure_interpretable_shap_bar.png,supporting,.png,0.892,Selected for public draft repository; renamed or relocated for clearer structure.,,
output_interpretable_shap/figure_interpretable_shap_bar.svg,KEEP_RENAME,results/figures/interpretation/figure_interpretable_shap_bar.svg,supporting,.svg,0.052,Selected for public draft repository; renamed or relocated for clearer structure.,,
output_interpretable_shap/figure_interpretable_shap_beeswarm.pdf,KEEP_RENAME,results/figures/interpretation/figure_interpretable_shap_beeswarm.pdf,supporting,.pdf,0.076,Selected for public draft repository; renamed or relocated for clearer structure.,,
output_interpretable_shap/figure_interpretable_shap_beeswarm.png,KEEP_RENAME,results/figures/interpretation/figure_interpretable_shap_beeswarm.png,supporting,.png,1.369,Selected for public draft repository; renamed or relocated for clearer structure.,,
output_interpretable_shap/figure_interpretable_shap_beeswarm.svg,KEEP_RENAME,results/figures/interpretation/figure_interpretable_shap_beeswarm.svg,supporting,.svg,0.468,Selected for public draft repository; renamed or relocated for clearer structure.,,
output_interpretable_shap/figure_interpretable_shap_probability_distribution.pdf,KEEP_RENAME,results/figures/interpretation/figure_interpretable_shap_probability_distribution.pdf,supporting,.pdf,0.015,Selected for public draft repository; renamed or relocated for clearer structure.,,
output_interpretable_shap/figure_interpretable_shap_probability_distribution.png,KEEP_RENAME,results/figures/interpretation/figure_interpretable_shap_probability_distribution.png,supporting,.png,0.506,Selected for public draft repository; renamed or relocated for clearer structure.,,
output_interpretable_shap/figure_interpretable_shap_probability_distribution.svg,KEEP_RENAME,results/figures/interpretation/figure_interpretable_shap_probability_distribution.svg,supporting,.svg,0.031,Selected for public draft repository; renamed or relocated for clearer structure.,,
output_interpretable_shap/interpretable_feature_matrix_20260522_041158.csv,KEEP_RENAME,results/tables/interpretation/interpretable_feature_matrix_20260522_041158.csv,supporting,.csv,0.052,Selected for public draft repository; renamed or relocated for clearer structure.,,"analysis_drug_name, model_label, label_weight, faers_signal_class, canonical_smiles, MolWt, HeavyAtomMolWt, ExactMolWt, BalabanJ, BertzCT, TPSA, FractionCSP3, HeavyAtomCount, NHOHCount, NOCount, NumAliphaticRings, NumAromaticRings, NumHAcceptors, NumHDonors, NumHeteroatoms ..."
output_interpretable_shap/interpretable_feature_metadata_20260522_041158.csv,KEEP_RENAME,results/tables/interpretation/interpretable_feature_metadata_20260522_041158.csv,supporting,.csv,0.005,Selected for public draft repository; renamed or relocated for clearer structure.,,"feature, feature_description, feature_category"
output_interpretable_shap/interpretable_shap_feature_importance_20260522_041158.csv,KEEP_RENAME,results/tables/interpretation/interpretable_shap_feature_importance_20260522_041158.csv,supporting,.csv,0.013,Selected for public draft repository; renamed or relocated for clearer structure.,,"feature, feature_description, feature_category, mean_abs_shap, mean_shap, mean_value_all, mean_value_positive, mean_value_negative, positive_minus_negative_mean, nonzero_count"
output_interpretable_shap/interpretable_shap_long_top_features_20260522_041158.csv,KEEP_RENAME,results/tables/interpretation/interpretable_shap_long_top_features_20260522_041158.csv,supporting,.csv,0.425,Selected for public draft repository; renamed or relocated for clearer structure.,,"analysis_drug_name, model_label, faers_signal_class, final_descriptor_rf_prob_positive, feature, feature_description, feature_value, shap_value, abs_shap_value"
output_interpretable_shap/interpretable_shap_predictions_20260522_041158.csv,KEEP_RENAME,results/tables/interpretation/interpretable_shap_predictions_20260522_041158.csv,supporting,.csv,0.054,Selected for public draft repository; renamed or relocated for clearer structure.,,"analysis_drug_name, a_psss, b_psss, c_psss, d_psss, total_exposed_psss, ror_psss, lower_ci_psss, upper_ci_psss, se_logror_psss, a_ps, b_ps, c_ps, d_ps, total_exposed_ps, ror_ps, lower_ci_ps, upper_ci_ps, se_logror_ps, total_exposed_psss_for_broad ..."
output_interpretable_shap/interpretable_shap_summary_20260522_041158.xlsx,KEEP_RENAME,results/tables/interpretation/interpretable_shap_summary_20260522_041158.xlsx,supporting,.xlsx,0.213,Selected for public draft repository; renamed or relocated for clearer structure.,,
output_interpretable_shap/interpretable_waterfall_selected_drugs_20260522_041158.csv,KEEP_RENAME,results/tables/interpretation/interpretable_waterfall_selected_drugs_20260522_041158.csv,supporting,.csv,0.001,Selected for public draft repository; renamed or relocated for clearer structure.,,"analysis_drug_name, model_label, faers_signal_class, final_descriptor_rf_prob_positive, selection_reason, waterfall_file_stem"
output_interpretable_shap/waterfall_plots/AZACITIDINE__label0__p0.pdf,EXCLUDE_REDUNDANT_FORMAT,,exclude,.pdf,0.021,PNG/PDF waterfall plots excluded; SVG versions retained.,Redundant file format.,
output_interpretable_shap/waterfall_plots/AZACITIDINE__label0__p0.png,EXCLUDE_REDUNDANT_FORMAT,,exclude,.png,0.57,PNG/PDF waterfall plots excluded; SVG versions retained.,Redundant file format.,
output_interpretable_shap/waterfall_plots/AZACITIDINE__label0__p0.svg,KEEP_RENAME,results/figures/interpretation/waterfall_plots_svg/AZACITIDINE__label0__p0.svg,supporting,.svg,0.041,Selected for public draft repository; renamed or relocated for clearer structure.,,
output_interpretable_shap/waterfall_plots/CLOZAPINE__label0__p0.pdf,EXCLUDE_REDUNDANT_FORMAT,,exclude,.pdf,0.022,PNG/PDF waterfall plots excluded; SVG versions retained.,Redundant file format.,
output_interpretable_shap/waterfall_plots/CLOZAPINE__label0__p0.png,EXCLUDE_REDUNDANT_FORMAT,,exclude,.png,0.62,PNG/PDF waterfall plots excluded; SVG versions retained.,Redundant file format.,
output_interpretable_shap/waterfall_plots/CLOZAPINE__label0__p0.svg,KEEP_RENAME,results/figures/interpretation/waterfall_plots_svg/CLOZAPINE__label0__p0.svg,supporting,.svg,0.041,Selected for public draft repository; renamed or relocated for clearer structure.,,
output_interpretable_shap/waterfall_plots/CYCLOPHOSPHAMIDE__label1__p0.pdf,EXCLUDE_REDUNDANT_FORMAT,,exclude,.pdf,0.022,PNG/PDF waterfall plots excluded; SVG versions retained.,Redundant file format.,
output_interpretable_shap/waterfall_plots/CYCLOPHOSPHAMIDE__label1__p0.png,EXCLUDE_REDUNDANT_FORMAT,,exclude,.png,0.611,PNG/PDF waterfall plots excluded; SVG versions retained.,Redundant file format.,
output_interpretable_shap/waterfall_plots/CYCLOPHOSPHAMIDE__label1__p0.svg,KEEP_RENAME,results/figures/interpretation/waterfall_plots_svg/CYCLOPHOSPHAMIDE__label1__p0.svg,supporting,.svg,0.041,Selected for public draft repository; renamed or relocated for clearer structure.,,
output_interpretable_shap/waterfall_plots/DOXORUBICIN__label1__p0.pdf,EXCLUDE_REDUNDANT_FORMAT,,exclude,.pdf,0.021,PNG/PDF waterfall plots excluded; SVG versions retained.,Redundant file format.,
output_interpretable_shap/waterfall_plots/DOXORUBICIN__label1__p0.png,EXCLUDE_REDUNDANT_FORMAT,,exclude,.png,0.575,PNG/PDF waterfall plots excluded; SVG versions retained.,Redundant file format.,
output_interpretable_shap/waterfall_plots/DOXORUBICIN__label1__p0.svg,KEEP_RENAME,results/figures/interpretation/waterfall_plots_svg/DOXORUBICIN__label1__p0.svg,supporting,.svg,0.041,Selected for public draft repository; renamed or relocated for clearer structure.,,
output_interpretable_shap/waterfall_plots/EPHEDRINE__label1__p0.pdf,EXCLUDE_REDUNDANT_FORMAT,,exclude,.pdf,0.021,PNG/PDF waterfall plots excluded; SVG versions retained.,Redundant file format.,
output_interpretable_shap/waterfall_plots/EPHEDRINE__label1__p0.png,EXCLUDE_REDUNDANT_FORMAT,,exclude,.png,0.564,PNG/PDF waterfall plots excluded; SVG versions retained.,Redundant file format.,
output_interpretable_shap/waterfall_plots/EPHEDRINE__label1__p0.svg,KEEP_RENAME,results/figures/interpretation/waterfall_plots_svg/EPHEDRINE__label1__p0.svg,supporting,.svg,0.042,Selected for public draft repository; renamed or relocated for clearer structure.,,
output_interpretable_shap/waterfall_plots/FENFLURAMINE__label0__p0.pdf,EXCLUDE_REDUNDANT_FORMAT,,exclude,.pdf,0.022,PNG/PDF waterfall plots excluded; SVG versions retained.,Redundant file format.,
output_interpretable_shap/waterfall_plots/FENFLURAMINE__label0__p0.png,EXCLUDE_REDUNDANT_FORMAT,,exclude,.png,0.559,PNG/PDF waterfall plots excluded; SVG versions retained.,Redundant file format.,
output_interpretable_shap/waterfall_plots/FENFLURAMINE__label0__p0.svg,KEEP_RENAME,results/figures/interpretation/waterfall_plots_svg/FENFLURAMINE__label0__p0.svg,supporting,.svg,0.041,Selected for public draft repository; renamed or relocated for clearer structure.,,
output_interpretable_shap/waterfall_plots/IBRUTINIB__label0__p0.pdf,EXCLUDE_REDUNDANT_FORMAT,,exclude,.pdf,0.022,PNG/PDF waterfall plots excluded; SVG versions retained.,Redundant file format.,
output_interpretable_shap/waterfall_plots/IBRUTINIB__label0__p0.png,EXCLUDE_REDUNDANT_FORMAT,,exclude,.png,0.572,PNG/PDF waterfall plots excluded; SVG versions retained.,Redundant file format.,
output_interpretable_shap/waterfall_plots/IBRUTINIB__label0__p0.svg,KEEP_RENAME,results/figures/interpretation/waterfall_plots_svg/IBRUTINIB__label0__p0.svg,supporting,.svg,0.041,Selected for public draft repository; renamed or relocated for clearer structure.,,
output_interpretable_shap/waterfall_plots/IFOSFAMIDE__label1__p0.pdf,EXCLUDE_REDUNDANT_FORMAT,,exclude,.pdf,0.022,PNG/PDF waterfall plots excluded; SVG versions retained.,Redundant file format.,
output_interpretable_shap/waterfall_plots/IFOSFAMIDE__label1__p0.png,EXCLUDE_REDUNDANT_FORMAT,,exclude,.png,0.599,PNG/PDF waterfall plots excluded; SVG versions retained.,Redundant file format.,
output_interpretable_shap/waterfall_plots/IFOSFAMIDE__label1__p0.svg,KEEP_RENAME,results/figures/interpretation/waterfall_plots_svg/IFOSFAMIDE__label1__p0.svg,supporting,.svg,0.041,Selected for public draft repository; renamed or relocated for clearer structure.,,
output_interpretable_shap/waterfall_plots/MIDAZOLAM__label1__p0.pdf,EXCLUDE_REDUNDANT_FORMAT,,exclude,.pdf,0.021,PNG/PDF waterfall plots excluded; SVG versions retained.,Redundant file format.,
output_interpretable_shap/waterfall_plots/MIDAZOLAM__label1__p0.png,EXCLUDE_REDUNDANT_FORMAT,,exclude,.png,0.567,PNG/PDF waterfall plots excluded; SVG versions retained.,Redundant file format.,
output_interpretable_shap/waterfall_plots/MIDAZOLAM__label1__p0.svg,KEEP_RENAME,results/figures/interpretation/waterfall_plots_svg/MIDAZOLAM__label1__p0.svg,supporting,.svg,0.041,Selected for public draft repository; renamed or relocated for clearer structure.,,
output_interpretable_shap/waterfall_plots/NEMTABRUTINIB__label1__p0.pdf,EXCLUDE_REDUNDANT_FORMAT,,exclude,.pdf,0.021,PNG/PDF waterfall plots excluded; SVG versions retained.,Redundant file format.,
output_interpretable_shap/waterfall_plots/NEMTABRUTINIB__label1__p0.png,EXCLUDE_REDUNDANT_FORMAT,,exclude,.png,0.572,PNG/PDF waterfall plots excluded; SVG versions retained.,Redundant file format.,
output_interpretable_shap/waterfall_plots/NEMTABRUTINIB__label1__p0.svg,KEEP_RENAME,results/figures/interpretation/waterfall_plots_svg/NEMTABRUTINIB__label1__p0.svg,supporting,.svg,0.042,Selected for public draft repository; renamed or relocated for clearer structure.,,
output_interpretable_shap/waterfall_plots/OLANZAPINE__label0__p0.pdf,EXCLUDE_REDUNDANT_FORMAT,,exclude,.pdf,0.022,PNG/PDF waterfall plots excluded; SVG versions retained.,Redundant file format.,
output_interpretable_shap/waterfall_plots/OLANZAPINE__label0__p0.png,EXCLUDE_REDUNDANT_FORMAT,,exclude,.png,0.614,PNG/PDF waterfall plots excluded; SVG versions retained.,Redundant file format.,
output_interpretable_shap/waterfall_plots/OLANZAPINE__label0__p0.svg,KEEP_RENAME,results/figures/interpretation/waterfall_plots_svg/OLANZAPINE__label0__p0.svg,supporting,.svg,0.041,Selected for public draft repository; renamed or relocated for clearer structure.,,
output_interpretable_shap/waterfall_plots/PSEUDOEPHEDRINE__label0__p0.pdf,EXCLUDE_REDUNDANT_FORMAT,,exclude,.pdf,0.021,PNG/PDF waterfall plots excluded; SVG versions retained.,Redundant file format.,
output_interpretable_shap/waterfall_plots/PSEUDOEPHEDRINE__label0__p0.png,EXCLUDE_REDUNDANT_FORMAT,,exclude,.png,0.574,PNG/PDF waterfall plots excluded; SVG versions retained.,Redundant file format.,
output_interpretable_shap/waterfall_plots/PSEUDOEPHEDRINE__label0__p0.svg,KEEP_RENAME,results/figures/interpretation/waterfall_plots_svg/PSEUDOEPHEDRINE__label0__p0.svg,supporting,.svg,0.042,Selected for public draft repository; renamed or relocated for clearer structure.,,
output_interpretation_selected/README_SHAP_heatmaps_20260522_040118.txt,KEEP_RENAME,results/tables/interpretation/README_SHAP_heatmaps_20260522_040118.txt,supporting,.txt,0.001,Selected for public draft repository; renamed or relocated for clearer structure.,,
output_interpretation_selected/figure_shap_global_top_bits.pdf,KEEP_RENAME,results/figures/interpretation/figure_shap_global_top_bits.pdf,supporting,.pdf,0.013,Selected for public draft repository; renamed or relocated for clearer structure.,,
output_interpretation_selected/figure_shap_global_top_bits.png,KEEP_RENAME,results/figures/interpretation/figure_shap_global_top_bits.png,supporting,.png,0.456,Selected for public draft repository; renamed or relocated for clearer structure.,,
output_interpretation_selected/figure_shap_global_top_bits.svg,KEEP_RENAME,results/figures/interpretation/figure_shap_global_top_bits.svg,supporting,.svg,0.032,Selected for public draft repository; renamed or relocated for clearer structure.,,
output_interpretation_selected/figure_shap_probability_distribution.pdf,KEEP_RENAME,results/figures/interpretation/figure_shap_probability_distribution.pdf,supporting,.pdf,0.015,Selected for public draft repository; renamed or relocated for clearer structure.,,
output_interpretation_selected/figure_shap_probability_distribution.png,KEEP_RENAME,results/figures/interpretation/figure_shap_probability_distribution.png,supporting,.png,0.476,Selected for public draft repository; renamed or relocated for clearer structure.,,
output_interpretation_selected/figure_shap_probability_distribution.svg,KEEP_RENAME,results/figures/interpretation/figure_shap_probability_distribution.svg,supporting,.svg,0.031,Selected for public draft repository; renamed or relocated for clearer structure.,,
output_interpretation_selected/heatmaps_png/ABEMACICLIB__label0__p0.17__low_prob_negative.png,EXCLUDE_REDUNDANT_FORMAT,,exclude,.png,0.118,PNG heatmaps excluded; SVG versions retained for editable/vector output.,Redundant file format.,
output_interpretation_selected/heatmaps_png/APREPITANT__label1__p0.59__user_specified.png,EXCLUDE_REDUNDANT_FORMAT,,exclude,.png,0.102,PNG heatmaps excluded; SVG versions retained for editable/vector output.,Redundant file format.,
output_interpretation_selected/heatmaps_png/AZACITIDINE__label0__p0.58__user_specified.png,EXCLUDE_REDUNDANT_FORMAT,,exclude,.png,0.087,PNG heatmaps excluded; SVG versions retained for editable/vector output.,Redundant file format.,
output_interpretation_selected/heatmaps_png/BUDESONIDE__label1__p0.84__high_prob_positive.png,EXCLUDE_REDUNDANT_FORMAT,,exclude,.png,0.102,PNG heatmaps excluded; SVG versions retained for editable/vector output.,Redundant file format.,
output_interpretation_selected/heatmaps_png/CEFTRIAXONE__label1__p0.85__high_prob_positive.png,EXCLUDE_REDUNDANT_FORMAT,,exclude,.png,0.097,PNG heatmaps excluded; SVG versions retained for editable/vector output.,Redundant file format.,
output_interpretation_selected/heatmaps_png/CEFUROXIME__label1__p0.83__additional_high_probability.png,EXCLUDE_REDUNDANT_FORMAT,,exclude,.png,0.105,PNG heatmaps excluded; SVG versions retained for editable/vector output.,Redundant file format.,
output_interpretation_selected/heatmaps_png/CLOZAPINE__label0__p0.10__low_prob_negative.png,EXCLUDE_REDUNDANT_FORMAT,,exclude,.png,0.107,PNG heatmaps excluded; SVG versions retained for editable/vector output.,Redundant file format.,
output_interpretation_selected/heatmaps_png/DEXAMETHASONE_ACETATE__label1__p0.87__high_prob_positive.png,EXCLUDE_REDUNDANT_FORMAT,,exclude,.png,0.106,PNG heatmaps excluded; SVG versions retained for editable/vector output.,Redundant file format.,
output_interpretation_selected/heatmaps_png/DEXAMETHASONE__label1__p0.89__high_prob_positive.png,EXCLUDE_REDUNDANT_FORMAT,,exclude,.png,0.1,PNG heatmaps excluded; SVG versions retained for editable/vector output.,Redundant file format.,
output_interpretation_selected/heatmaps_png/ENCORAFENIB__label1__p0.51__low_prob_positive.png,EXCLUDE_REDUNDANT_FORMAT,,exclude,.png,0.106,PNG heatmaps excluded; SVG versions retained for editable/vector output.,Redundant file format.,
output_interpretation_selected/heatmaps_png/EPHEDRINE__label1__p0.57__low_prob_positive.png,EXCLUDE_REDUNDANT_FORMAT,,exclude,.png,0.078,PNG heatmaps excluded; SVG versions retained for editable/vector output.,Redundant file format.,
output_interpretation_selected/heatmaps_png/IBRUTINIB__label0__p0.19__low_prob_negative.png,EXCLUDE_REDUNDANT_FORMAT,,exclude,.png,0.1,PNG heatmaps excluded; SVG versions retained for editable/vector output.,Redundant file format.,
output_interpretation_selected/heatmaps_png/IOPROMIDE__label1__p0.85__high_prob_positive.png,EXCLUDE_REDUNDANT_FORMAT,,exclude,.png,0.102,PNG heatmaps excluded; SVG versions retained for editable/vector output.,Redundant file format.,
output_interpretation_selected/heatmaps_png/ISOTRETINOIN__label0__p0.48__high_prob_negative.png,EXCLUDE_REDUNDANT_FORMAT,,exclude,.png,0.084,PNG heatmaps excluded; SVG versions retained for editable/vector output.,Redundant file format.,
output_interpretation_selected/heatmaps_png/KETAMINE__label1__p0.58__low_prob_positive.png,EXCLUDE_REDUNDANT_FORMAT,,exclude,.png,0.095,PNG heatmaps excluded; SVG versions retained for editable/vector output.,Redundant file format.,
output_interpretation_selected/heatmaps_png/MESALAMINE__label0__p0.56__high_prob_negative.png,EXCLUDE_REDUNDANT_FORMAT,,exclude,.png,0.083,PNG heatmaps excluded; SVG versions retained for editable/vector output.,Redundant file format.,
output_interpretation_selected/heatmaps_png/METHYLPREDNISOLONE__label1__p0.83__additional_high_probability.png,EXCLUDE_REDUNDANT_FORMAT,,exclude,.png,0.097,PNG heatmaps excluded; SVG versions retained for editable/vector output.,Redundant file format.,
output_interpretation_selected/heatmaps_png/MIDAZOLAM__label1__p0.41__user_specified.png,EXCLUDE_REDUNDANT_FORMAT,,exclude,.png,0.118,PNG heatmaps excluded; SVG versions retained for editable/vector output.,Redundant file format.,
output_interpretation_selected/heatmaps_png/NEMTABRUTINIB__label1__p0.55__low_prob_positive.png,EXCLUDE_REDUNDANT_FORMAT,,exclude,.png,0.104,PNG heatmaps excluded; SVG versions retained for editable/vector output.,Redundant file format.,
output_interpretation_selected/heatmaps_png/OLANZAPINE__label0__p0.11__low_prob_negative.png,EXCLUDE_REDUNDANT_FORMAT,,exclude,.png,0.103,PNG heatmaps excluded; SVG versions retained for editable/vector output.,Redundant file format.,
output_interpretation_selected/heatmaps_png/ONDANSETRON__label1__p0.65__user_specified.png,EXCLUDE_REDUNDANT_FORMAT,,exclude,.png,0.095,PNG heatmaps excluded; SVG versions retained for editable/vector output.,Redundant file format.,
output_interpretation_selected/heatmaps_png/PSEUDOEPHEDRINE__label0__p0.57__high_prob_negative.png,EXCLUDE_REDUNDANT_FORMAT,,exclude,.png,0.081,PNG heatmaps excluded; SVG versions retained for editable/vector output.,Redundant file format.,
output_interpretation_selected/heatmaps_png/SPARSENTAN__label0__p0.23__low_prob_negative.png,EXCLUDE_REDUNDANT_FORMAT,,exclude,.png,0.114,PNG heatmaps excluded; SVG versions retained for editable/vector output.,Redundant file format.,
output_interpretation_selected/heatmaps_png/TROFINETIDE__label0__p0.49__high_prob_negative.png,EXCLUDE_REDUNDANT_FORMAT,,exclude,.png,0.088,PNG heatmaps excluded; SVG versions retained for editable/vector output.,Redundant file format.,
output_interpretation_selected/heatmaps_svg/ABEMACICLIB__label0__p0.17__low_prob_negative.svg,KEEP_RENAME,results/figures/interpretation/heatmaps_svg/ABEMACICLIB__label0__p0.17__low_prob_negative.svg,supporting,.svg,0.03,Selected for public draft repository; renamed or relocated for clearer structure.,,
output_interpretation_selected/heatmaps_svg/APREPITANT__label1__p0.59__user_specified.svg,KEEP_RENAME,results/figures/interpretation/heatmaps_svg/APREPITANT__label1__p0.59__user_specified.svg,supporting,.svg,0.031,Selected for public draft repository; renamed or relocated for clearer structure.,,
output_interpretation_selected/heatmaps_svg/AZACITIDINE__label0__p0.58__user_specified.svg,KEEP_RENAME,results/figures/interpretation/heatmaps_svg/AZACITIDINE__label0__p0.58__user_specified.svg,supporting,.svg,0.021,Selected for public draft repository; renamed or relocated for clearer structure.,,
output_interpretation_selected/heatmaps_svg/BUDESONIDE__label1__p0.84__high_prob_positive.svg,KEEP_RENAME,results/figures/interpretation/heatmaps_svg/BUDESONIDE__label1__p0.84__high_prob_positive.svg,supporting,.svg,0.028,Selected for public draft repository; renamed or relocated for clearer structure.,,
output_interpretation_selected/heatmaps_svg/CEFTRIAXONE__label1__p0.85__high_prob_positive.svg,KEEP_RENAME,results/figures/interpretation/heatmaps_svg/CEFTRIAXONE__label1__p0.85__high_prob_positive.svg,supporting,.svg,0.036,Selected for public draft repository; renamed or relocated for clearer structure.,,
output_interpretation_selected/heatmaps_svg/CEFUROXIME__label1__p0.83__additional_high_probability.svg,KEEP_RENAME,results/figures/interpretation/heatmaps_svg/CEFUROXIME__label1__p0.83__additional_high_probability.svg,supporting,.svg,0.032,Selected for public draft repository; renamed or relocated for clearer structure.,,
output_interpretation_selected/heatmaps_svg/CLOZAPINE__label0__p0.10__low_prob_negative.svg,KEEP_RENAME,results/figures/interpretation/heatmaps_svg/CLOZAPINE__label0__p0.10__low_prob_negative.svg,supporting,.svg,0.022,Selected for public draft repository; renamed or relocated for clearer structure.,,
output_interpretation_selected/heatmaps_svg/DEXAMETHASONE_ACETATE__label1__p0.87__high_prob_positive.svg,KEEP_RENAME,results/figures/interpretation/heatmaps_svg/DEXAMETHASONE_ACETATE__label1__p0.87__high_prob_positive.svg,supporting,.svg,0.03,Selected for public draft repository; renamed or relocated for clearer structure.,,
output_interpretation_selected/heatmaps_svg/DEXAMETHASONE__label1__p0.89__high_prob_positive.svg,KEEP_RENAME,results/figures/interpretation/heatmaps_svg/DEXAMETHASONE__label1__p0.89__high_prob_positive.svg,supporting,.svg,0.027,Selected for public draft repository; renamed or relocated for clearer structure.,,
output_interpretation_selected/heatmaps_svg/ENCORAFENIB__label1__p0.51__low_prob_positive.svg,KEEP_RENAME,results/figures/interpretation/heatmaps_svg/ENCORAFENIB__label1__p0.51__low_prob_positive.svg,supporting,.svg,0.032,Selected for public draft repository; renamed or relocated for clearer structure.,,
output_interpretation_selected/heatmaps_svg/EPHEDRINE__label1__p0.57__low_prob_positive.svg,KEEP_RENAME,results/figures/interpretation/heatmaps_svg/EPHEDRINE__label1__p0.57__low_prob_positive.svg,supporting,.svg,0.015,Selected for public draft repository; renamed or relocated for clearer structure.,,
output_interpretation_selected/heatmaps_svg/IBRUTINIB__label0__p0.19__low_prob_negative.svg,KEEP_RENAME,results/figures/interpretation/heatmaps_svg/IBRUTINIB__label0__p0.19__low_prob_negative.svg,supporting,.svg,0.03,Selected for public draft repository; renamed or relocated for clearer structure.,,
output_interpretation_selected/heatmaps_svg/IOPROMIDE__label1__p0.85__high_prob_positive.svg,KEEP_RENAME,results/figures/interpretation/heatmaps_svg/IOPROMIDE__label1__p0.85__high_prob_positive.svg,supporting,.svg,0.03,Selected for public draft repository; renamed or relocated for clearer structure.,,
output_interpretation_selected/heatmaps_svg/ISOTRETINOIN__label0__p0.48__high_prob_negative.svg,KEEP_RENAME,results/figures/interpretation/heatmaps_svg/ISOTRETINOIN__label0__p0.48__high_prob_negative.svg,supporting,.svg,0.022,Selected for public draft repository; renamed or relocated for clearer structure.,,
output_interpretation_selected/heatmaps_svg/KETAMINE__label1__p0.58__low_prob_positive.svg,KEEP_RENAME,results/figures/interpretation/heatmaps_svg/KETAMINE__label1__p0.58__low_prob_positive.svg,supporting,.svg,0.018,Selected for public draft repository; renamed or relocated for clearer structure.,,
output_interpretation_selected/heatmaps_svg/MESALAMINE__label0__p0.56__high_prob_negative.svg,KEEP_RENAME,results/figures/interpretation/heatmaps_svg/MESALAMINE__label0__p0.56__high_prob_negative.svg,supporting,.svg,0.017,Selected for public draft repository; renamed or relocated for clearer structure.,,
output_interpretation_selected/heatmaps_svg/METHYLPREDNISOLONE__label1__p0.83__additional_high_probability.svg,KEEP_RENAME,results/figures/interpretation/heatmaps_svg/METHYLPREDNISOLONE__label1__p0.83__additional_high_probability.svg,supporting,.svg,0.028,Selected for public draft repository; renamed or relocated for clearer structure.,,
output_interpretation_selected/heatmaps_svg/MIDAZOLAM__label1__p0.41__user_specified.svg,KEEP_RENAME,results/figures/interpretation/heatmaps_svg/MIDAZOLAM__label1__p0.41__user_specified.svg,supporting,.svg,0.021,Selected for public draft repository; renamed or relocated for clearer structure.,,
output_interpretation_selected/heatmaps_svg/NEMTABRUTINIB__label1__p0.55__low_prob_positive.svg,KEEP_RENAME,results/figures/interpretation/heatmaps_svg/NEMTABRUTINIB__label1__p0.55__low_prob_positive.svg,supporting,.svg,0.032,Selected for public draft repository; renamed or relocated for clearer structure.,,
output_interpretation_selected/heatmaps_svg/OLANZAPINE__label0__p0.11__low_prob_negative.svg,KEEP_RENAME,results/figures/interpretation/heatmaps_svg/OLANZAPINE__label0__p0.11__low_prob_negative.svg,supporting,.svg,0.021,Selected for public draft repository; renamed or relocated for clearer structure.,,
output_interpretation_selected/heatmaps_svg/ONDANSETRON__label1__p0.65__user_specified.svg,KEEP_RENAME,results/figures/interpretation/heatmaps_svg/ONDANSETRON__label1__p0.65__user_specified.svg,supporting,.svg,0.023,Selected for public draft repository; renamed or relocated for clearer structure.,,
output_interpretation_selected/heatmaps_svg/PSEUDOEPHEDRINE__label0__p0.57__high_prob_negative.svg,KEEP_RENAME,results/figures/interpretation/heatmaps_svg/PSEUDOEPHEDRINE__label0__p0.57__high_prob_negative.svg,supporting,.svg,0.018,Selected for public draft repository; renamed or relocated for clearer structure.,,
output_interpretation_selected/heatmaps_svg/SPARSENTAN__label0__p0.23__low_prob_negative.svg,KEEP_RENAME,results/figures/interpretation/heatmaps_svg/SPARSENTAN__label0__p0.23__low_prob_negative.svg,supporting,.svg,0.037,Selected for public draft repository; renamed or relocated for clearer structure.,,
output_interpretation_selected/heatmaps_svg/TROFINETIDE__label0__p0.49__high_prob_negative.svg,KEEP_RENAME,results/figures/interpretation/heatmaps_svg/TROFINETIDE__label0__p0.49__high_prob_negative.svg,supporting,.svg,0.024,Selected for public draft repository; renamed or relocated for clearer structure.,,
output_interpretation_selected/shap_atom_contributions_20260522_040118.csv,KEEP_RENAME,results/tables/interpretation/shap_atom_contributions_20260522_040118.csv,supporting,.csv,0.186,Selected for public draft repository; renamed or relocated for clearer structure.,,"analysis_drug_name, model_label, faers_signal_class, final_rf_prob_positive, selection_reason, atom_index, atom_symbol, atom_shap_contribution, abs_atom_shap_contribution, heatmap_svg, heatmap_png"
output_interpretation_selected/shap_bit_contributions_selected_20260522_040118.csv,KEEP_RENAME,results/tables/interpretation/shap_bit_contributions_selected_20260522_040118.csv,supporting,.csv,0.238,Selected for public draft repository; renamed or relocated for clearer structure.,,"bit, bit_shap, center_atom, radius, n_atoms_in_environment, environment_atoms, per_environment_value, per_atom_value, analysis_drug_name, model_label, faers_signal_class, final_rf_prob_positive, selection_reason"
output_interpretation_selected/shap_global_bit_importance_20260522_040118.csv,KEEP_RENAME,results/tables/interpretation/shap_global_bit_importance_20260522_040118.csv,supporting,.csv,0.055,Selected for public draft repository; renamed or relocated for clearer structure.,,"bit, mean_abs_shap, mean_shap, all_freq, pos_freq, neg_freq, pos_minus_neg_freq, n_on, n_pos_on, n_neg_on, example_positive_drugs, example_negative_drugs"
output_interpretation_selected/shap_interpretation_summary_20260522_040118.xlsx,KEEP_RENAME,results/tables/interpretation/shap_interpretation_summary_20260522_040118.xlsx,supporting,.xlsx,0.221,Selected for public draft repository; renamed or relocated for clearer structure.,,
output_interpretation_selected/shap_predictions_20260522_040118.csv,KEEP_RENAME,results/tables/interpretation/shap_predictions_20260522_040118.csv,supporting,.csv,0.054,Selected for public draft repository; renamed or relocated for clearer structure.,,"analysis_drug_name, a_psss, b_psss, c_psss, d_psss, total_exposed_psss, ror_psss, lower_ci_psss, upper_ci_psss, se_logror_psss, a_ps, b_ps, c_ps, d_ps, total_exposed_ps, ror_ps, lower_ci_ps, upper_ci_ps, se_logror_ps, total_exposed_psss_for_broad ..."
output_interpretation_selected/shap_selected_drugs_20260522_040118.csv,KEEP_RENAME,results/tables/interpretation/shap_selected_drugs_20260522_040118.csv,supporting,.csv,0.013,Selected for public draft repository; renamed or relocated for clearer structure.,,"row_index, analysis_drug_name, a_psss, b_psss, c_psss, d_psss, total_exposed_psss, ror_psss, lower_ci_psss, upper_ci_psss, se_logror_psss, a_ps, b_ps, c_ps, d_ps, total_exposed_ps, ror_ps, lower_ci_ps, upper_ci_ps, se_logror_ps ..."
output_treatment_sensitivity/treatment_confounded_model_ready_20260522_051337.csv,EXCLUDE_SUPERSEDED,,exclude,.csv,0.052,Superseded by later timestamped outputs retained in the public draft.,Duplicate/confusing result version.,"analysis_drug_name, a_psss, b_psss, c_psss, d_psss, total_exposed_psss, ror_psss, lower_ci_psss, upper_ci_psss, se_logror_psss, a_ps, b_ps, c_ps, d_ps, total_exposed_ps, ror_ps, lower_ci_ps, upper_ci_ps, se_logror_ps, total_exposed_psss_for_broad ..."
output_treatment_sensitivity/treatment_confounded_model_ready_20260522_053842.csv,KEEP_RENAME,data/processed/treatment_confounded_model_ready.csv,primary,.csv,0.052,Selected for public draft repository; renamed or relocated for clearer structure.,Check data redistribution/license before public release.,"analysis_drug_name, a_psss, b_psss, c_psss, d_psss, total_exposed_psss, ror_psss, lower_ci_psss, upper_ci_psss, se_logror_psss, a_ps, b_ps, c_ps, d_ps, total_exposed_ps, ror_ps, lower_ci_ps, upper_ci_ps, se_logror_ps, total_exposed_psss_for_broad ..."
output_treatment_sensitivity/treatment_confounding_review_candidates_20260522_051337.xlsx,EXCLUDE_SUPERSEDED,,exclude,.xlsx,0.051,Superseded by later timestamped outputs retained in the public draft.,Duplicate/confusing result version.,
output_treatment_sensitivity/treatment_confounding_review_candidates_20260522_053842.xlsx,KEEP_RENAME,results/tables/treatment_confounding_review_candidates_20260522_053842.xlsx,supporting,.xlsx,0.051,Selected for public draft repository; renamed or relocated for clearer structure.,,
output_treatment_sensitivity/treatment_confounding_rule_template.csv,KEEP_RENAME,data/processed/treatment_confounding_drug_rules.csv,primary,.csv,0.003,Selected for public draft repository; renamed or relocated for clearer structure.,Check data redistribution/license before public release.,"analysis_drug_name, confounding_category, review_level, comment"
output_treatment_sensitivity/treatment_sensitivity_drug_probability_summary_20260522_051337.csv,EXCLUDE_SUPERSEDED,,exclude,.csv,0.173,Superseded by later timestamped outputs retained in the public draft.,Duplicate/confusing result version.,"scenario, split_type, analysis_drug_name, model_label, faers_signal_class, treatment_confounded_candidate, treatment_confounded_category, recommended_label_status, mean_prob_positive, sd_prob_positive, median_prob_positive, n_predictions, mean_pred_0_5, mean_pred_train_youden"
output_treatment_sensitivity/treatment_sensitivity_drug_probability_summary_20260522_053842.csv,KEEP_RENAME,results/tables/treatment_sensitivity_drug_probability_summary_20260522_053842.csv,supporting,.csv,0.175,Selected for public draft repository; renamed or relocated for clearer structure.,,"scenario, split_type, analysis_drug_name, model_label, faers_signal_class, treatment_confounded_candidate, treatment_confounded_category, recommended_label_status, mean_prob_positive, sd_prob_positive, median_prob_positive, n_predictions, mean_pred_0_5, mean_pred_train_youden"
output_treatment_sensitivity/treatment_sensitivity_fold_metrics_20260522_051337.csv,EXCLUDE_SUPERSEDED,,exclude,.csv,0.169,Superseded by later timestamped outputs retained in the public draft.,Duplicate/confusing result version.,"roc_auc, pr_auc, balanced_accuracy, accuracy, sensitivity, specificity, precision, f1, mcc, brier, tn, fp, fn, tp, threshold, scenario, split_type, fold, split_method, threshold_type ..."
output_treatment_sensitivity/treatment_sensitivity_fold_metrics_20260522_053842.csv,KEEP_RENAME,results/tables/treatment_sensitivity_fold_metrics_20260522_053842.csv,supporting,.csv,0.671,Selected for public draft repository; renamed or relocated for clearer structure.,,"roc_auc, pr_auc, balanced_accuracy, accuracy, sensitivity, specificity, precision, f1, mcc, brier, tn, fp, fn, tp, threshold, scenario, split_type, fold, split_method, threshold_type ..."
output_treatment_sensitivity/treatment_sensitivity_metric_summary_20260522_051337.csv,EXCLUDE_SUPERSEDED,,exclude,.csv,0.035,Superseded by later timestamped outputs retained in the public draft.,Duplicate/confusing result version.,"scenario, split_type, threshold_type, metric, n, mean, sd, median, q025, q975"
output_treatment_sensitivity/treatment_sensitivity_metric_summary_20260522_053842.csv,KEEP_RENAME,results/tables/treatment_sensitivity_metric_summary_20260522_053842.csv,supporting,.csv,0.034,Selected for public draft repository; renamed or relocated for clearer structure.,,"scenario, split_type, threshold_type, metric, n, mean, sd, median, q025, q975"
output_treatment_sensitivity/treatment_sensitivity_predictions_20260522_051337.csv,EXCLUDE_SUPERSEDED,,exclude,.csv,1.387,Superseded by later timestamped outputs retained in the public draft.,Duplicate/confusing result version.,"scenario, split_type, fold, split_method, analysis_drug_name, model_label, label_weight, faers_signal_class, treatment_confounded_candidate, treatment_confounded_category, recommended_label_status, scaffold_key, canonical_smiles, prob_positive, pred_0.5, pred_train_youden, train_youden_threshold"
output_treatment_sensitivity/treatment_sensitivity_predictions_20260522_053842.csv,KEEP_RENAME,results/tables/treatment_sensitivity_predictions_20260522_053842.csv,supporting,.csv,5.549,Selected for public draft repository; renamed or relocated for clearer structure.,,"scenario, split_type, fold, split_method, analysis_drug_name, model_label, label_weight, faers_signal_class, treatment_confounded_candidate, treatment_confounded_category, recommended_label_status, scaffold_key, canonical_smiles, prob_positive, pred_0.5, pred_train_youden, train_youden_threshold"
output_treatment_sensitivity/treatment_sensitivity_results_20260522_051337.xlsx,EXCLUDE_SUPERSEDED,,exclude,.xlsx,0.923,Superseded by later timestamped outputs retained in the public draft.,Duplicate/confusing result version.,
output_treatment_sensitivity/treatment_sensitivity_results_20260522_053842.xlsx,KEEP_RENAME,results/tables/treatment_sensitivity_results_20260522_053842.xlsx,supporting,.xlsx,3.158,Selected for public draft repository; renamed or relocated for clearer structure.,,
output_v2/figure1_dataset_workflow_v2.pdf,KEEP_RENAME,results/figures/main/figure1_dataset_workflow_v2.pdf,supporting,.pdf,0.024,Selected for public draft repository; renamed or relocated for clearer structure.,,
output_v2/figure1_dataset_workflow_v2.png,KEEP_RENAME,results/figures/main/figure1_dataset_workflow_v2.png,supporting,.png,0.794,Selected for public draft repository; renamed or relocated for clearer structure.,,
output_v2/figure1_dataset_workflow_v2.svg,KEEP_RENAME,results/figures/main/figure1_dataset_workflow_v2.svg,supporting,.svg,0.017,Selected for public draft repository; renamed or relocated for clearer structure.,,
output_v2/figure2_model_performance_balanced_accuracy_v2.pdf,KEEP_RENAME,results/figures/main/figure2_model_performance_balanced_accuracy_v2.pdf,supporting,.pdf,0.013,Selected for public draft repository; renamed or relocated for clearer structure.,,
output_v2/figure2_model_performance_balanced_accuracy_v2.png,KEEP_RENAME,results/figures/main/figure2_model_performance_balanced_accuracy_v2.png,supporting,.png,0.348,Selected for public draft repository; renamed or relocated for clearer structure.,,
output_v2/figure2_model_performance_balanced_accuracy_v2.svg,KEEP_RENAME,results/figures/main/figure2_model_performance_balanced_accuracy_v2.svg,supporting,.svg,0.02,Selected for public draft repository; renamed or relocated for clearer structure.,,
output_v2/figure2_model_performance_pr_auc_v2.pdf,KEEP_RENAME,results/figures/main/figure2_model_performance_pr_auc_v2.pdf,supporting,.pdf,0.013,Selected for public draft repository; renamed or relocated for clearer structure.,,
output_v2/figure2_model_performance_pr_auc_v2.png,KEEP_RENAME,results/figures/main/figure2_model_performance_pr_auc_v2.png,supporting,.png,0.308,Selected for public draft repository; renamed or relocated for clearer structure.,,
output_v2/figure2_model_performance_pr_auc_v2.svg,KEEP_RENAME,results/figures/main/figure2_model_performance_pr_auc_v2.svg,supporting,.svg,0.02,Selected for public draft repository; renamed or relocated for clearer structure.,,
output_v2/figure2_model_performance_roc_auc_v2.pdf,KEEP_RENAME,results/figures/main/figure2_model_performance_roc_auc_v2.pdf,supporting,.pdf,0.013,Selected for public draft repository; renamed or relocated for clearer structure.,,
output_v2/figure2_model_performance_roc_auc_v2.png,KEEP_RENAME,results/figures/main/figure2_model_performance_roc_auc_v2.png,supporting,.png,0.336,Selected for public draft repository; renamed or relocated for clearer structure.,,
output_v2/figure2_model_performance_roc_auc_v2.svg,KEEP_RENAME,results/figures/main/figure2_model_performance_roc_auc_v2.svg,supporting,.svg,0.02,Selected for public draft repository; renamed or relocated for clearer structure.,,
output_v2/figure3_sensitivity_balanced_accuracy_v2.pdf,KEEP_RENAME,results/figures/main/figure3_sensitivity_balanced_accuracy_v2.pdf,supporting,.pdf,0.014,Selected for public draft repository; renamed or relocated for clearer structure.,,
output_v2/figure3_sensitivity_balanced_accuracy_v2.png,KEEP_RENAME,results/figures/main/figure3_sensitivity_balanced_accuracy_v2.png,supporting,.png,0.454,Selected for public draft repository; renamed or relocated for clearer structure.,,
output_v2/figure3_sensitivity_balanced_accuracy_v2.svg,KEEP_RENAME,results/figures/main/figure3_sensitivity_balanced_accuracy_v2.svg,supporting,.svg,0.024,Selected for public draft repository; renamed or relocated for clearer structure.,,
output_v2/figure3_sensitivity_pr_auc_v2.pdf,KEEP_RENAME,results/figures/main/figure3_sensitivity_pr_auc_v2.pdf,supporting,.pdf,0.015,Selected for public draft repository; renamed or relocated for clearer structure.,,
output_v2/figure3_sensitivity_pr_auc_v2.png,KEEP_RENAME,results/figures/main/figure3_sensitivity_pr_auc_v2.png,supporting,.png,0.437,Selected for public draft repository; renamed or relocated for clearer structure.,,
output_v2/figure3_sensitivity_pr_auc_v2.svg,KEEP_RENAME,results/figures/main/figure3_sensitivity_pr_auc_v2.svg,supporting,.svg,0.024,Selected for public draft repository; renamed or relocated for clearer structure.,,
output_v2/figure3_sensitivity_roc_auc_v2.pdf,KEEP_RENAME,results/figures/main/figure3_sensitivity_roc_auc_v2.pdf,supporting,.pdf,0.015,Selected for public draft repository; renamed or relocated for clearer structure.,,
output_v2/figure3_sensitivity_roc_auc_v2.png,KEEP_RENAME,results/figures/main/figure3_sensitivity_roc_auc_v2.png,supporting,.png,0.443,Selected for public draft repository; renamed or relocated for clearer structure.,,
output_v2/figure3_sensitivity_roc_auc_v2.svg,KEEP_RENAME,results/figures/main/figure3_sensitivity_roc_auc_v2.svg,supporting,.svg,0.024,Selected for public draft repository; renamed or relocated for clearer structure.,,
output_v2/figure4_label_review_candidates_v2.pdf,KEEP_RENAME,results/figures/main/figure4_label_review_candidates_v2.pdf,supporting,.pdf,0.015,Selected for public draft repository; renamed or relocated for clearer structure.,,
output_v2/figure4_label_review_candidates_v2.png,KEEP_RENAME,results/figures/main/figure4_label_review_candidates_v2.png,supporting,.png,0.649,Selected for public draft repository; renamed or relocated for clearer structure.,,
output_v2/figure4_label_review_candidates_v2.svg,KEEP_RENAME,results/figures/main/figure4_label_review_candidates_v2.svg,supporting,.svg,0.02,Selected for public draft repository; renamed or relocated for clearer structure.,,
output_v2/figure4_probability_distribution_v2.pdf,KEEP_RENAME,results/figures/main/figure4_probability_distribution_v2.pdf,supporting,.pdf,0.015,Selected for public draft repository; renamed or relocated for clearer structure.,,
output_v2/figure4_probability_distribution_v2.png,KEEP_RENAME,results/figures/main/figure4_probability_distribution_v2.png,supporting,.png,0.501,Selected for public draft repository; renamed or relocated for clearer structure.,,
output_v2/figure4_probability_distribution_v2.svg,KEEP_RENAME,results/figures/main/figure4_probability_distribution_v2.svg,supporting,.svg,0.031,Selected for public draft repository; renamed or relocated for clearer structure.,,
output_v2/figure_generation_manifest_v2.csv,KEEP_RENAME,results/figures/main/figure_generation_manifest_v2.csv,supporting,.csv,0.001,Selected for public draft repository; renamed or relocated for clearer structure.,,"key, path"
output_v2/manuscript_figure_captions_v2.txt,KEEP_RENAME,results/figures/main/manuscript_figure_captions_v2.txt,supporting,.txt,0.001,Selected for public draft repository; renamed or relocated for clearer structure.,,
